MovieID,review_count,avg_rating
1,2077,4.146846413095811
2,701,3.20114122681883
3,478,3.01673640167364
4,170,2.7294117647058824
5,296,3.0067567567567566
6,940,3.8787234042553194
7,458,3.410480349344978
8,68,3.014705882352941
9,102,2.656862745098039
10,888,3.5405405405405403
11,1033,3.7938044530493706
12,160,2.3625
13,99,3.2626262626262625
14,153,3.542483660130719
15,146,2.458904109589041
16,682,3.7932551319648096
17,835,4.027544910179641
18,157,3.337579617834395
19,389,2.480719794344473
20,160,2.5375
21,1356,3.6238938053097347
22,378,3.3492063492063493
23,126,2.857142857142857
24,624,3.1794871794871793
25,980,3.6510204081632653
26,100,3.53
27,61,2.9344262295081966
28,179,4.055865921787709
29,403,4.062034739454094
30,74,3.6486486486486487
31,141,3.1134751773049647
32,1511,3.945731303772336
33,4,3.0
34,1751,3.8914905768132497
35,70,3.3142857142857145
36,928,3.9579741379310347
37,8,3.5
38,28,2.8214285714285716
39,1362,3.6233480176211454
40,30,3.933333333333333
41,242,3.958677685950413
42,221,2.8687782805429864
43,166,3.4457831325301207
44,311,2.787781350482315
45,544,3.4246323529411766
46,166,3.108433734939759
47,1137,4.106420404573439
48,382,2.9764397905759163
49,27,3.740740740740741
50,1783,4.517106001121705
52,431,3.640371229698376
53,8,4.75
54,41,2.5609756097560976
55,45,3.066666666666667
56,9,2.0
57,99,3.404040404040404
58,501,4.093812375249501
59,8,2.75
60,357,3.212885154061625
61,67,3.0
62,541,3.6968576709796674
63,111,2.855855855855856
64,79,2.2658227848101267
65,143,2.062937062937063
66,97,1.6701030927835052
67,4,3.25
68,60,3.45
69,319,3.6551724137931036
70,914,3.1564551422319473
71,96,2.1041666666666665
72,93,3.6344086021505375
73,224,3.8169642857142856
74,120,2.975
75,12,1.9166666666666667
76,178,2.853932584269663
77,34,3.764705882352941
78,50,3.26
79,114,2.6052631578947367
80,52,3.826923076923077
81,166,3.1626506024096384
82,89,3.8764044943820224
83,33,3.696969696969697
84,21,3.0952380952380953
85,194,3.402061855670103
86,236,3.3940677966101696
87,76,2.210526315789474
88,192,2.9427083333333335
89,229,3.074235807860262
90,6,3.6666666666666665
92,88,2.340909090909091
93,89,2.235955056179775
94,182,3.7252747252747254
95,638,2.876175548589342
96,13,3.923076923076923
97,44,3.75
98,6,2.0
99,50,3.46
100,128,3.0625
101,253,3.869565217391304
102,60,1.8166666666666667
103,33,3.212121212121212
104,682,3.526392961876833
105,387,3.2325581395348837
106,12,3.5833333333333335
107,256,3.1484375
108,7,2.857142857142857
110,2443,4.234957020057307
111,1240,4.183870967741935
112,570,3.443859649122807
113,53,2.981132075471698
114,11,3.090909090909091
116,41,4.097560975609756
117,79,3.632911392405063
118,68,3.073529411764706
119,13,2.4615384615384617
120,3,2.6666666666666665
121,37,4.054054054054054
122,194,2.768041237113402
123,115,3.869565217391304
124,14,3.2142857142857144
125,318,3.8333333333333335
126,99,1.9898989898989898
127,1,1.0
128,12,4.333333333333333
129,13,3.3076923076923075
130,2,4.0
131,16,3.0625
132,91,2.4945054945054945
133,1,1.0
134,2,4.0
135,133,2.81203007518797
136,8,3.25
137,13,3.0
138,2,2.5
139,1,4.0
140,139,3.1654676258992804
141,682,3.5498533724340176
142,1,1.0
144,433,3.392609699769053
145,362,3.2955801104972378
146,18,2.888888888888889
147,181,3.541436464088398
148,23,2.782608695652174
149,47,3.7872340425531914
150,1251,4.073541167066347
151,554,3.588447653429603
152,69,3.0
153,777,2.642213642213642
154,168,3.7261904761904763
155,87,3.413793103448276
156,66,3.5606060606060606
157,187,2.732620320855615
158,259,2.9806949806949805
159,116,3.2844827586206895
160,565,2.2389380530973453
161,760,3.723684210526316
162,491,4.063136456211812
163,540,3.4574074074074073
164,379,3.5672823218997363
165,825,3.561212121212121
166,61,2.459016393442623
167,5,3.6
168,362,2.9502762430939224
169,113,2.017699115044248
170,321,3.146417445482866
171,93,3.5698924731182795
172,458,2.576419213973799
173,564,2.3085106382978724
174,81,2.308641975308642
175,220,3.477272727272727
176,205,3.9170731707317072
177,139,2.7338129496402876
178,19,3.473684210526316
179,48,2.2083333333333335
180,451,3.5476718403547673
181,93,1.6129032258064515
182,49,3.142857142857143
183,29,3.4827586206896552
184,26,3.3461538461538463
185,569,2.869947275922671
186,211,2.7630331753554502
187,105,3.238095238095238
188,190,3.221052631578947
189,15,3.4
190,100,3.75
191,75,2.466666666666667
192,2,3.0
193,217,2.0506912442396312
194,213,3.755868544600939
195,164,2.841463414634146
196,550,2.8236363636363637
197,17,3.0588235294117645
198,605,3.2958677685950413
199,117,3.8119658119658117
200,12,2.4166666666666665
201,33,2.6363636363636362
202,30,2.5
203,203,3.0541871921182264
204,203,2.9211822660098523
205,85,3.611764705882353
206,82,3.6707317073170733
207,219,3.132420091324201
208,651,2.6313364055299537
209,52,2.4615384615384617
210,41,3.1463414634146343
211,34,3.5588235294117645
212,14,1.9285714285714286
213,123,4.056910569105691
214,28,4.25
215,160,3.80625
216,355,3.183098591549296
217,64,2.625
218,195,3.128205128205128
219,22,3.1818181818181817
220,28,1.8214285714285714
222,329,3.547112462006079
223,1412,3.946883852691218
224,386,3.3911917098445596
225,254,3.173228346456693
226,1,2.0
227,129,2.6744186046511627
228,13,2.1538461538461537
229,108,3.5
230,349,3.4527220630372493
231,660,3.1924242424242424
232,346,4.07514450867052
233,235,3.6127659574468085
234,147,2.2244897959183674
235,927,3.696871628910464
236,326,3.303680981595092
237,257,2.972762645914397
238,32,2.8125
239,168,2.875
240,45,2.7111111111111112
241,29,3.310344827586207
242,80,3.5
243,10,2.1
244,10,1.9
245,11,3.0
246,716,4.18854748603352
247,477,3.8658280922431865
248,138,2.9130434782608696
249,261,3.7586206896551726
250,30,2.6
251,18,3.2777777777777777
252,367,3.2697547683923704
253,738,3.524390243902439
254,38,3.0789473684210527
255,66,2.0606060606060606
256,218,2.6513761467889907
257,114,3.2280701754385963
258,144,2.423611111111111
259,102,2.843137254901961
260,2991,4.453694416583082
261,285,3.6491228070175437
262,172,3.872093023255814
263,28,3.857142857142857
264,5,3.2
265,772,3.9326424870466323
266,705,3.425531914893617
267,140,2.7285714285714286
268,54,3.3703703703703702
269,55,3.5272727272727273
270,79,3.037974683544304
271,63,3.142857142857143
272,383,3.7258485639686683
273,244,2.8975409836065573
274,24,2.375
275,80,2.5375
276,228,2.692982456140351
277,170,3.1823529411764704
278,40,2.75
279,46,3.717391304347826
280,212,3.5707547169811322
281,233,3.648068669527897
282,215,3.2232558139534886
283,18,3.0
286,1,3.0
287,21,2.9047619047619047
288,700,3.144285714285714
289,158,3.3417721518987342
290,168,3.9166666666666665
291,48,2.2083333333333335
292,733,3.2687585266030013
293,923,4.106175514626218
294,42,3.0952380952380953
295,29,2.7586206896551726
296,2171,4.278212805158913
297,28,3.107142857142857
298,23,3.9130434782608696
299,143,3.664335664335664
300,705,3.7588652482269502
301,43,3.302325581395349
302,86,3.813953488372093
303,418,2.9760765550239237
304,35,3.142857142857143
305,127,2.5039370078740157
306,334,4.227544910179641
307,243,4.098765432098766
308,202,3.9653465346534653
309,48,3.6875
310,6,2.6666666666666665
311,1,3.0
312,112,2.4375
313,54,2.888888888888889
314,300,3.85
315,153,2.65359477124183
316,1116,3.490143369175627
317,641,3.1918876755070205
318,2227,4.554557700942973
319,273,3.8937728937728937
320,32,3.40625
321,61,3.7540983606557377
322,209,3.712918660287081
324,33,3.9696969696969697
325,49,2.4489795918367347
326,61,4.344262295081967
327,358,2.6145251396648046
328,144,3.111111111111111
329,990,3.3767676767676766
330,149,2.7315436241610738
331,21,3.0952380952380953
332,161,2.546583850931677
333,410,3.502439024390244
334,114,3.8596491228070176
335,41,3.4878048780487805
336,19,2.6842105263157894
337,693,3.8412698412698414
338,221,2.8823529411764706
339,673,3.49925705794948
340,84,3.2738095238095237
341,31,3.838709677419355
342,518,3.6776061776061777
343,42,2.4285714285714284
344,766,3.1488250652741514
345,469,3.8059701492537314
346,120,3.525
347,46,3.1739130434782608
348,455,3.698901098901099
349,1059,3.7261567516525025
350,515,3.392233009708738
351,257,3.342412451361868
352,119,3.134453781512605
353,734,3.4455040871934606
354,67,3.1791044776119404
355,267,2.352059925093633
356,2194,4.087967183226983
357,1233,3.7437145174371453
358,141,3.1702127659574466
359,19,3.210526315789474
360,127,2.4960629921259843
361,268,3.421641791044776
362,239,3.3640167364016738
363,62,4.258064516129032
364,1121,3.8608385370205176
365,71,3.1690140845070425
366,251,2.8207171314741037
367,1179,3.279050042408821
368,802,3.5236907730673317
369,58,3.310344827586207
370,412,2.8980582524271843
371,212,3.1792452830188678
372,428,3.1542056074766354
373,258,3.856589147286822
374,183,2.1147540983606556
375,17,3.2941176470588234
376,350,3.2457142857142856
377,1650,3.5654545454545454
378,140,2.892857142857143
379,436,2.889908256880734
380,1400,3.6342857142857143
381,211,3.2606635071090047
382,272,2.9338235294117645
383,270,3.2666666666666666
384,40,2.9
385,10,3.4
386,30,2.6
387,102,2.7450980392156863
388,97,3.6391752577319587
389,20,3.7
390,59,3.542372881355932
391,40,3.275
392,25,2.8
393,105,1.8571428571428572
394,18,3.6666666666666665
396,1,4.0
397,12,2.4166666666666665
398,1,4.0
401,2,3.0
402,1,3.0
404,4,3.75
405,203,2.123152709359606
406,8,3.625
407,193,2.911917098445596
408,72,3.3194444444444446
409,49,3.020408163265306
410,463,2.9071274298056156
411,13,2.6153846153846154
412,295,3.559322033898305
413,245,2.5306122448979593
414,90,2.6555555555555554
415,179,2.4804469273743015
416,89,2.4269662921348316
417,208,3.485576923076923
418,29,2.5172413793103448
419,156,2.1923076923076925
420,352,2.5056818181818183
421,94,3.3617021276595747
422,57,3.1228070175438596
423,221,3.1085972850678734
424,75,2.6
425,105,3.6095238095238096
426,269,3.0817843866171004
427,166,2.3674698795180724
428,263,3.931558935361217
429,187,2.379679144385027
430,24,2.4166666666666665
431,369,3.6910569105691056
432,392,2.579081632653061
433,48,2.7916666666666665
434,686,3.0845481049562684
435,533,2.6060037523452158
436,141,2.652482269503546
437,64,2.046875
438,152,2.625
439,2,4.5
440,948,3.811181434599156
441,643,3.6936236391912907
442,640,2.9921875
443,31,3.3870967741935485
444,81,2.2962962962962963
445,100,2.61
446,254,4.082677165354331
447,31,2.4838709677419355
448,228,3.6008771929824563
449,71,3.6619718309859155
450,228,3.280701754385965
451,106,3.150943396226415
452,38,3.289473684210526
453,67,3.2238805970149254
454,824,3.5473300970873787
455,285,2.5894736842105264
456,93,4.0
457,1995,4.103258145363409
458,87,3.2758620689655173
459,143,2.832167832167832
460,38,2.263157894736842
461,86,3.2790697674418605
462,28,2.642857142857143
463,47,2.74468085106383
464,216,2.7824074074074074
465,105,3.3142857142857145
466,573,2.7958115183246073
467,54,3.2037037037037037
468,350,3.2714285714285714
469,69,2.9565217391304346
470,38,1.736842105263158
471,599,3.631051752921536
472,44,2.7045454545454546
473,151,2.225165562913907
474,972,3.825102880658436
475,312,3.9006410256410255
476,35,2.6857142857142855
477,195,3.466666666666667
478,24,2.4583333333333335
479,133,2.7969924812030076
480,2672,3.7638473053892216
481,294,3.380952380952381
482,176,3.528409090909091
483,74,3.7432432432432434
484,29,2.6551724137931036
485,500,2.508
486,64,2.8125
487,62,2.6129032258064515
488,39,3.3846153846153846
489,97,2.4742268041237114
490,185,3.324324324324324
491,212,3.3160377358490565
492,335,3.719402985074627
493,298,3.6073825503355703
494,416,3.3461538461538463
495,42,3.380952380952381
496,37,3.2162162162162162
497,667,4.0
498,47,2.74468085106383
499,49,2.7551020408163267
500,838,3.420047732696897
501,94,3.606382978723404
502,155,1.935483870967742
503,13,3.6923076923076925
504,178,2.955056179775281
505,69,2.4927536231884058
506,114,3.491228070175439
507,308,3.522727272727273
508,561,3.894830659536542
509,608,3.674342105263158
510,42,2.4047619047619047
511,152,3.1052631578947367
512,179,2.8715083798882683
513,67,3.1194029850746268
514,346,3.531791907514451
515,450,3.917777777777778
516,248,2.870967741935484
517,382,3.175392670157068
518,149,2.4563758389261743
519,202,1.9405940594059405
520,374,2.93048128342246
521,117,3.3675213675213675
522,83,3.566265060240964
523,117,3.658119658119658
524,476,3.615546218487395
525,21,3.1904761904761907
526,8,2.5
527,2304,4.510416666666667
528,68,2.514705882352941
529,720,3.977777777777778
530,2,3.5
531,338,3.769230769230769
532,389,3.0488431876606685
533,203,2.7339901477832513
534,286,3.835664335664336
535,301,3.8172757475083055
536,55,3.1636363636363636
537,207,3.077294685990338
538,315,3.8222222222222224
539,986,3.760649087221095
540,169,2.2189349112426036
541,1800,4.273333333333333
542,206,2.674757281553398
543,682,3.3841642228739004
544,129,2.643410852713178
545,1,2.0
546,350,1.8742857142857143
547,124,2.879032258064516
548,137,2.5474452554744524
549,157,3.821656050955414
550,178,3.0168539325842696
551,996,3.717871485943775
552,529,3.2400756143667295
553,553,3.8734177215189876
554,26,2.6153846153846154
555,658,3.9285714285714284
556,132,4.2272727272727275
557,2,4.5
558,135,2.7037037037037037
559,5,3.0
560,8,3.625
561,13,3.6153846153846154
562,478,3.799163179916318
563,17,3.235294117647059
564,45,2.2666666666666666
565,61,3.1311475409836067
566,13,2.923076923076923
567,14,3.5714285714285716
568,35,3.857142857142857
569,100,2.93
570,23,3.217391304347826
571,34,3.588235294117647
572,2,3.0
573,21,3.5238095238095237
574,175,3.4457142857142857
575,107,2.822429906542056
576,1,3.0
577,55,2.963636363636364
578,2,4.5
579,1,2.0
580,62,3.2419354838709675
581,141,4.049645390070922
582,2,3.0
583,28,3.6785714285714284
584,1,4.0
585,418,2.9066985645933014
586,675,3.1348148148148147
587,1124,3.49644128113879
588,1351,3.788304959289415
589,2649,4.058512646281616
590,1451,3.9152308752584424
591,2,2.0
592,1431,3.6009783368273935
593,2578,4.3518231186966645
594,763,3.8453473132372213
595,1060,3.8858490566037736
596,498,3.751004016064257
597,1046,3.641491395793499
598,8,4.25
599,264,4.087121212121212
600,30,3.0
601,1,3.0
602,41,4.121951219512195
603,58,3.0
605,226,3.314159292035398
606,93,2.225806451612903
607,2,2.0
608,2513,4.254675686430561
609,67,2.7761194029850746
610,618,3.546925566343042
611,216,2.4722222222222223
612,79,2.4050632911392404
613,82,3.6341463414634148
614,9,2.6666666666666665
615,67,4.044776119402985
616,278,3.352517985611511
617,17,3.6470588235294117
618,9,2.111111111111111
619,32,2.59375
621,42,3.7142857142857144
623,3,3.0
624,1,4.0
626,19,2.263157894736842
627,121,3.603305785123967
628,485,3.8969072164948453
630,7,2.857142857142857
631,75,2.08
632,13,4.0
633,20,3.6
634,3,1.6666666666666667
635,77,3.6233766233766236
637,140,2.5428571428571427
638,19,3.210526315789474
639,78,2.6153846153846154
640,71,2.676056338028169
641,1,1.0
642,1,2.0
643,3,2.0
644,1,2.0
645,20,3.6
647,441,3.5532879818594103
648,1527,3.432874918140144
649,16,4.1875
650,89,3.4719101123595504
651,1,2.0
652,9,2.888888888888889
653,612,3.2254901960784315
655,1,1.0
656,39,2.5641025641025643
657,2,3.0
658,1,3.0
659,25,3.72
660,2,1.5
661,525,3.4647619047619047
662,128,2.984375
663,264,3.4166666666666665
664,8,3.0
665,35,3.657142857142857
666,3,3.3333333333333335
667,47,2.0425531914893615
668,47,4.404255319148936
669,23,4.173913043478261
670,56,4.410714285714286
671,456,3.6798245614035086
672,2,2.0
673,563,2.619893428063943
674,386,3.0155440414507773
678,306,4.245098039215686
679,2,3.5
680,64,3.359375
681,15,3.933333333333333
682,4,3.5
684,1,1.0
685,30,3.3
687,3,3.0
688,213,2.276995305164319
690,2,2.0
691,121,3.0991735537190084
692,106,2.1132075471698113
694,141,2.645390070921986
695,135,3.1777777777777776
696,4,3.25
697,85,2.552941176470588
698,5,2.2
700,145,3.3241379310344827
701,1,4.0
702,27,3.6666666666666665
703,10,1.6
704,42,2.3095238095238093
705,36,3.8333333333333335
706,2,2.5
707,275,3.0872727272727274
708,679,3.434462444771723
709,144,3.0416666666666665
710,51,2.3333333333333335
711,62,2.5
712,2,3.5
714,153,3.888888888888889
715,52,3.6153846153846154
716,28,2.6785714285714284
717,1,4.0
718,33,3.484848484848485
719,239,2.8619246861924688
720,438,4.426940639269406
722,27,3.814814814814815
724,416,3.0865384615384617
725,91,2.791208791208791
726,9,3.0
728,217,3.7649769585253456
729,3,3.6666666666666665
730,1,1.0
731,47,2.851063829787234
732,6,2.8333333333333335
733,1340,3.723134328358209
734,3,3.0
735,101,3.3564356435643563
736,1110,3.1738738738738737
737,300,2.03
741,314,4.089171974522293
742,174,2.528735632183908
743,107,2.5700934579439254
744,3,2.0
745,657,4.52054794520548
746,31,4.0
747,55,2.0
748,417,3.1510791366906474
749,4,2.75
750,1367,4.4498902706656915
751,15,3.533333333333333
753,32,3.15625
754,13,2.923076923076923
755,9,3.7777777777777777
756,4,3.0
757,4,3.75
758,1,4.0
759,59,4.101694915254237
760,33,3.515151515151515
761,123,2.7886178861788617
762,298,2.184563758389262
763,1,3.0
764,74,3.27027027027027
765,171,2.6315789473684212
766,100,3.57
767,24,3.2083333333333335
769,12,3.25
771,18,3.7777777777777777
774,1,4.0
775,9,3.2222222222222223
776,4,3.0
778,751,3.9600532623169107
779,52,2.6923076923076925
780,1730,3.5104046242774567
781,103,3.378640776699029
782,145,2.5517241379310347
783,390,3.223076923076923
784,385,2.72987012987013
785,765,3.4784313725490197
786,460,3.123913043478261
787,3,5.0
788,948,2.9957805907172994
789,2,3.0
790,1,3.0
791,2,3.5
792,1,4.0
793,10,2.6
796,3,3.3333333333333335
798,204,2.7058823529411766
799,338,3.3491124260355027
800,630,4.082539682539682
801,121,3.0991735537190084
802,427,3.496487119437939
803,57,3.6842105263157894
804,233,2.9785407725321886
805,344,3.5901162790697674
806,60,3.1666666666666665
807,14,3.0
808,43,3.395348837209302
809,105,2.5714285714285716
810,120,1.4666666666666666
811,9,3.888888888888889
813,47,2.5106382978723403
814,1,3.0
815,6,2.0
818,189,2.560846560846561
820,4,3.25
821,2,2.0
823,4,3.25
824,28,3.9285714285714284
826,1,1.0
827,2,3.0
828,54,2.9074074074074074
829,131,2.2900763358778624
830,295,2.952542372881356
831,20,3.85
832,564,3.478723404255319
833,78,2.1794871794871793
834,4,2.0
835,103,3.1262135922330097
836,237,2.654008438818565
837,218,3.477064220183486
838,501,3.8802395209580838
839,135,2.214814814814815
840,50,2.56
841,25,3.4
842,151,2.589403973509934
843,1,1.0
844,7,3.5714285714285716
846,38,3.736842105263158
847,7,1.8571428571428572
848,156,3.4358974358974357
849,511,2.5107632093933465
850,30,3.6666666666666665
851,127,3.4960629921259843
852,615,3.221138211382114
853,3,4.0
854,8,3.625
858,2223,4.524966261808367
859,1,2.0
860,10,3.6
861,273,3.5128205128205128
862,31,3.6451612903225805
863,10,3.5
864,12,3.5833333333333335
865,1,2.0
866,572,3.8234265734265733
867,24,2.2083333333333335
868,1,3.0
869,42,3.0952380952380953
870,49,2.183673469387755
872,1,3.0
874,8,3.125
875,44,3.3863636363636362
876,21,2.857142857142857
877,24,3.2916666666666665
878,1,4.0
879,237,2.827004219409283
880,324,2.200617283950617
881,77,2.6233766233766236
882,59,2.711864406779661
884,2,3.0
885,43,2.5813953488372094
886,104,2.9423076923076925
887,2,2.5
888,48,2.2083333333333335
889,2,2.5
891,183,2.360655737704918
892,152,3.861842105263158
893,69,3.6956521739130435
895,2,1.0
896,51,3.4313725490196076
897,98,3.7551020408163267
898,582,4.3006872852233675
899,751,4.2836218375499335
900,343,3.8513119533527695
901,174,3.6436781609195403
902,676,3.908284023668639
903,905,4.27292817679558
904,1050,4.476190476190476
905,374,4.280748663101604
906,187,4.096256684491979
907,105,3.9238095238095236
908,1315,4.38403041825095
909,417,4.127098321342926
910,832,4.300480769230769
911,306,4.183006535947713
912,1669,4.412822049131217
913,1043,4.395973154362416
914,636,4.154088050314465
915,365,3.9643835616438357
916,425,4.216470588235294
917,77,3.675324675324675
918,189,3.7936507936507935
919,1718,4.247962747380675
920,1156,3.9974048442906573
921,302,3.8940397350993377
922,470,4.491489361702127
923,1116,4.388888888888889
924,1716,4.068764568764569
925,12,3.25
926,403,4.255583126550868
927,84,3.9761904761904763
928,386,4.204663212435233
929,93,3.78494623655914
930,445,4.29438202247191
931,206,3.912621359223301
932,189,3.9523809523809526
933,443,4.10158013544018
934,304,3.6578947368421053
935,71,3.6338028169014085
936,132,4.075757575757576
937,44,3.75
938,187,3.620320855614973
939,11,3.1818181818181817
940,378,3.9735449735449735
941,105,3.704761904761905
942,292,4.2020547945205475
943,171,3.982456140350877
944,97,3.7938144329896906
945,251,4.147410358565737
946,161,3.8509316770186337
947,188,4.1063829787234045
948,130,3.753846153846154
949,215,3.9767441860465116
950,292,4.239726027397261
951,397,4.249370277078086
952,269,3.6022304832713754
953,729,4.299039780521262
954,383,4.240208877284595
955,413,4.169491525423729
956,40,3.55
957,37,3.2432432432432434
958,13,3.3846153846153846
959,58,3.7413793103448274
960,20,3.45
961,23,3.4782608695652173
962,11,3.5454545454545454
963,54,3.574074074074074
964,51,3.392156862745098
965,253,4.075098814229249
966,6,4.0
967,23,3.260869565217391
968,715,3.6713286713286712
969,1057,4.251655629139073
970,37,3.4054054054054053
971,271,4.047970479704797
972,6,3.1666666666666665
973,82,3.9146341463414633
974,16,3.75
975,2,1.5
976,56,3.5714285714285716
977,2,2.0
978,100,3.94
980,5,2.8
981,4,2.75
982,81,3.6790123456790123
984,33,2.6666666666666665
985,4,3.75
986,232,3.603448275862069
987,40,2.9
988,69,3.3768115942028984
989,1,5.0
990,54,2.574074074074074
991,170,3.523529411764706
992,20,2.6
993,9,3.111111111111111
994,450,4.095555555555555
996,256,2.90625
997,28,3.357142857142857
998,93,3.010752688172043
999,286,3.2832167832167833
1000,20,3.05
1002,8,4.25
1003,121,2.9421487603305785
1004,101,2.6633663366336635
1005,142,2.3732394366197185
1006,78,3.08974358974359
1007,232,2.978448275862069
1008,97,3.329896907216495
1009,291,3.185567010309278
1010,242,3.268595041322314
1011,135,2.725925925925926
1012,301,3.7043189368770766
1013,258,3.565891472868217
1014,136,3.4044117647058822
1015,234,3.3461538461538463
1016,156,3.217948717948718
1017,276,3.5869565217391304
1018,123,3.252032520325203
1019,575,3.7026086956521738
1020,392,3.239795918367347
1021,247,2.769230769230769
1022,577,3.755632582322357
1023,221,3.986425339366516
1024,126,3.246031746031746
1025,293,3.6109215017064846
1026,8,3.625
1027,344,3.1627906976744184
1028,1011,3.894164193867458
1029,568,3.688380281690141
1030,323,3.0773993808049536
1031,319,3.479623824451411
1032,525,3.697142857142857
1033,287,3.4494773519163764
1034,169,3.6449704142011834
1035,882,3.931972789115646
1036,1666,4.121848739495798
1037,615,2.6601626016260163
1038,11,3.272727272727273
1039,3,3.6666666666666665
1040,5,3.0
1041,474,4.037974683544304
1042,528,3.481060606060606
1043,108,2.8425925925925926
1044,35,3.2857142857142856
1046,90,4.066666666666666
1047,434,3.4838709677419355
1049,451,3.328159645232816
1050,146,3.8219178082191783
1051,98,3.4183673469387754
1053,35,2.914285714285714
1054,81,3.308641975308642
1055,19,2.736842105263158
1056,50,3.54
1057,274,3.5583941605839415
1058,11,3.272727272727273
1059,479,3.4008350730688934
1060,786,3.94147582697201
1061,374,3.550802139037433
1062,2,2.5
1063,26,3.1538461538461537
1064,209,2.8947368421052633
1066,175,4.1657142857142855
1067,23,3.782608695652174
1068,35,3.6857142857142855
1069,110,3.9272727272727272
1070,2,3.0
1071,5,3.4
1073,1313,3.8613861386138613
1076,23,4.0
1077,744,3.9798387096774195
1078,372,3.836021505376344
1079,1326,3.971342383107089
1080,926,4.018358531317495
1081,434,3.6175115207373274
1082,154,3.7012987012987013
1083,164,3.5304878048780486
1084,686,4.096209912536443
1085,131,3.7786259541984735
1086,379,4.079155672823219
1087,18,3.4444444444444446
1088,687,3.3114992721979624
1089,1259,4.13582208101668
1090,1143,4.090113735783027
1091,373,2.7935656836461127
1092,751,3.5419440745672435
1093,680,3.4073529411764705
1094,1229,3.7314890154597236
1095,571,3.8844133099824867
1096,344,3.9767441860465116
1097,2269,3.9651828999559275
1098,5,2.4
1099,194,3.9896907216494846
1100,420,2.807142857142857
1101,1010,3.6861386138613863
1102,4,2.0
1103,402,3.9228855721393034
1104,483,4.225672877846791
1105,42,1.7857142857142858
1107,3,2.0
1111,94,4.095744680851064
1112,35,3.4285714285714284
1113,50,3.0
1114,31,2.870967741935484
1115,1,1.0
1116,17,3.411764705882353
1117,12,4.25
1118,1,2.0
1119,34,3.2058823529411766
1120,456,3.5833333333333335
1121,13,3.076923076923077
1123,33,3.727272727272727
1124,405,3.740740740740741
1125,385,3.779220779220779
1126,317,2.3722397476340693
1127,1715,3.6839650145772596
1128,170,2.9235294117647057
1129,884,3.4649321266968327
1130,231,3.25974025974026
1131,216,4.324074074074074
1132,220,4.259090909090909
1133,2,2.0
1134,2,3.0
1135,407,3.189189189189189
1136,1599,4.335209505941213
1138,7,3.857142857142857
1139,2,4.0
1142,2,1.0
1144,16,3.75
1145,2,2.5
1147,277,4.32129963898917
1148,882,4.507936507936508
1149,4,3.5
1150,158,3.930379746835443
1151,31,3.4838709677419355
1152,29,3.4827586206896552
1153,14,3.4285714285714284
1154,15,3.7333333333333334
1160,6,2.1666666666666665
1161,94,3.9468085106382977
1162,96,3.90625
1163,19,2.9473684210526314
1164,5,3.6
1165,1,1.0
1167,94,2.893617021276596
1168,18,2.0555555555555554
1169,36,3.7222222222222223
1170,17,1.6470588235294117
1171,415,3.7349397590361444
1172,615,4.287804878048781
1173,198,3.3484848484848486
1174,5,3.8
1175,368,4.002717391304348
1176,129,3.937984496124031
1177,147,3.993197278911565
1178,230,4.473913043478261
1179,885,3.7887005649717516
1180,50,3.84
1181,10,2.9
1183,989,3.609706774519717
1184,91,3.802197802197802
1185,453,3.958057395143488
1186,562,3.613879003558719
1187,147,3.6598639455782314
1188,676,3.951183431952663
1189,269,4.25278810408922
1190,132,3.507575757575758
1191,209,3.062200956937799
1192,105,4.0285714285714285
1193,1725,4.390724637681159
1194,212,3.4764150943396226
1196,2990,4.292976588628763
1197,2318,4.3037100949094045
1198,2514,4.477724741447892
1199,913,4.097480832420591
1200,1820,4.125824175824176
1201,822,4.133819951338199
1202,72,3.611111111111111
1203,616,4.295454545454546
1204,831,4.401925391095066
1205,231,3.380952380952381
1206,1229,4.0781122864117165
1207,928,4.425646551724138
1208,1176,4.243197278911564
1209,173,4.023121387283237
1210,2883,4.022892819979188
1211,242,4.1115702479338845
1212,480,4.452083333333333
1213,1657,4.275196137598069
1214,2024,4.159584980237154
1215,945,3.804232804232804
1216,87,3.6551724137931036
1217,357,4.26890756302521
1218,244,4.19672131147541
1219,1263,4.218527315914489
1220,1341,3.9395973154362416
1221,1692,4.357565011820331
1222,1254,4.110845295055821
1223,473,4.361522198731501
1224,426,4.286384976525822
1225,1382,4.251808972503618
1226,226,4.053097345132743
1227,241,3.863070539419087
1228,677,4.1875923190546525
1230,1334,4.14167916041979
1231,750,4.08
1232,52,3.6346153846153846
1233,1001,4.302697302697303
1234,1049,4.320305052430887
1235,697,4.164992826398852
1236,90,4.188888888888889
1237,299,4.230769230769231
1238,351,4.0
1240,2098,4.152049571020019
1241,70,3.357142857142857
1242,1112,4.193345323741007
1243,325,3.9846153846153847
1244,718,4.082172701949861
1245,358,4.005586592178771
1246,855,4.005847953216374
1247,1261,4.245836637589215
1248,514,4.215953307392996
1249,733,4.005457025920873
1250,938,4.386993603411514
1251,228,4.105263157894737
1252,1185,4.339240506329114
1253,559,4.141323792486583
1254,453,4.289183222958058
1255,54,3.4074074074074074
1256,594,4.21043771043771
1257,472,3.9216101694915255
1258,1087,4.104875804967802
1259,1785,4.0969187675070025
1260,308,4.3019480519480515
1261,548,3.826642335766423
1262,696,4.376436781609195
1263,700,4.11
1264,257,4.054474708171206
1265,2278,3.953028972783143
1266,997,4.0902708124373115
1267,765,4.333333333333333
1268,317,3.4858044164037856
1269,672,4.168154761904762
1270,2583,3.9903213317847466
1271,593,3.806070826306914
1272,645,4.266666666666667
1273,146,3.9657534246575343
1274,452,3.933628318584071
1275,741,3.8461538461538463
1276,930,4.253763440860215
1277,363,3.884297520661157
1278,1193,4.250628667225482
1279,194,3.747422680412371
1280,277,4.1732851985559565
1281,216,4.032407407407407
1282,943,3.904559915164369
1283,403,4.1786600496277915
1284,541,4.312384473197782
1285,803,3.8156911581569117
1286,285,3.585964912280702
1287,704,4.110795454545454
1288,1118,4.179785330948121
1289,182,3.9725274725274726
1290,230,3.591304347826087
1291,1628,4.133292383292384
1292,591,4.013536379018612
1293,671,4.141579731743666
1294,1099,4.124658780709736
1295,266,3.5676691729323307
1296,560,3.9964285714285714
1297,442,3.7081447963800906
1298,387,3.640826873385013
1299,732,4.248633879781421
1300,330,4.1454545454545455
1301,373,3.9758713136729225
1302,768,3.9114583333333335
1303,310,4.129032258064516
1304,1419,4.215644820295983
1305,121,3.793388429752066
1306,136,3.6029411764705883
1307,1568,4.073341836734694
1310,43,3.558139534883721
1311,7,1.0
1312,29,3.2413793103448274
1313,13,2.1538461538461537
1315,3,2.3333333333333335
1316,1,4.0
1317,40,3.175
1320,925,3.037837837837838
1321,549,3.7522768670309654
1322,32,1.71875
1323,43,1.372093023255814
1324,22,1.6818181818181819
1325,23,1.6521739130434783
1326,56,2.107142857142857
1327,355,2.9380281690140846
1328,25,1.84
1329,36,2.6666666666666665
1330,116,3.0
1331,50,3.18
1332,102,2.911764705882353
1333,733,3.882673942701228
1334,338,3.136094674556213
1335,21,1.7142857142857142
1336,55,2.2363636363636363
1337,64,3.5625
1339,672,3.34375
1340,216,3.912037037037037
1341,53,2.849056603773585
1342,262,2.904580152671756
1343,687,3.671033478893741
1344,361,3.9224376731301938
1345,567,3.6049382716049383
1346,174,3.1839080459770117
1347,451,3.4855875831485585
1348,238,3.991596638655462
1349,14,3.0714285714285716
1350,409,3.6234718826405867
1351,35,3.4
1352,94,2.851063829787234
1353,188,3.0851063829787235
1354,267,3.8239700374531833
1355,77,2.961038961038961
1356,1310,3.7091603053435116
1357,548,3.8065693430656933
1358,1177,4.208156329651657
1359,222,2.4774774774774775
1360,2,3.5
1361,159,4.213836477987422
1362,100,4.03
1363,112,2.9732142857142856
1364,2,3.5
1365,58,3.8448275862068964
1366,108,3.185185185185185
1367,364,3.0467032967032965
1369,5,3.8
1370,1135,3.541850220264317
1371,792,3.1363636363636362
1372,1001,3.4095904095904097
1373,613,2.7487765089722673
1374,1448,3.880524861878453
1375,927,3.353829557713053
1376,1126,3.6563055062166963
1377,1031,2.9767216294859358
1378,562,3.4181494661921707
1379,369,2.907859078590786
1380,817,3.5777233782129745
1381,303,1.9636963696369636
1382,127,2.779527559055118
1383,11,1.5454545454545454
1384,6,3.8333333333333335
1385,461,3.2689804772234274
1386,1,1.0
1387,1697,4.089569829110195
1388,370,2.5891891891891894
1389,210,1.8523809523809525
1390,121,3.1983471074380163
1391,1074,2.9003724394785846
1392,219,3.73972602739726
1393,1353,3.7590539541759056
1394,1434,4.02092050209205
1395,295,3.3254237288135595
1396,1091,3.7277726856095326
1397,63,3.6507936507936507
1398,63,3.1904761904761907
1399,104,3.201923076923077
1401,162,3.506172839506173
1404,76,3.1447368421052633
1405,475,3.04
1406,24,3.4583333333333335
1407,886,3.5756207674943568
1408,975,3.8133333333333335
1409,392,3.0535714285714284
1410,90,2.8666666666666667
1411,382,3.9581151832460733
1412,20,3.9
1413,50,3.38
1414,168,3.5952380952380953
1415,36,3.5555555555555554
1416,282,3.25531914893617
1417,43,2.7674418604651163
1419,136,3.963235294117647
1420,7,4.0
1421,22,3.0454545454545454
1422,281,3.0249110320284696
1423,14,4.357142857142857
1425,168,3.2916666666666665
1426,23,2.5217391304347827
1427,51,2.2941176470588234
1428,52,3.25
1429,297,3.3063973063973062
1430,1,1.0
1431,232,2.5474137931034484
1432,100,2.77
1433,5,1.8
1434,2,4.0
1436,9,2.888888888888889
1437,21,3.0952380952380953
1438,321,2.8161993769470404
1439,46,2.347826086956522
1440,81,2.765432098765432
1441,481,3.444906444906445
1442,71,3.0985915492957745
1444,8,3.375
1445,156,2.173076923076923
1446,189,4.052910052910053
1447,49,3.36734693877551
1449,462,4.147186147186147
1450,14,3.7857142857142856
1453,148,2.4324324324324325
1454,82,3.158536585365854
1455,22,2.772727272727273
1456,64,2.359375
1457,266,3.1090225563909772
1458,24,2.8333333333333335
1459,380,3.357894736842105
1460,94,2.6808510638297873
1461,216,2.574074074074074
1463,34,3.0294117647058822
1464,145,3.3517241379310345
1465,126,3.492063492063492
1466,719,3.7955493741307373
1468,144,2.5625
1470,1,4.0
1471,5,3.4
1472,48,3.25
1473,40,2.825
1474,146,2.335616438356164
1475,81,3.1481481481481484
1476,499,3.4869739478957915
1477,27,3.4444444444444446
1479,563,3.197158081705151
1480,265,3.279245283018868
1482,63,3.3333333333333335
1483,141,2.7588652482269502
1484,124,3.7016129032258065
1485,666,3.5
1486,7,3.142857142857143
1487,162,3.067901234567901
1488,288,2.857638888888889
1489,37,2.5675675675675675
1490,26,1.8076923076923077
1493,17,3.2941176470588234
1494,19,2.473684210526316
1495,44,1.3181818181818181
1496,25,3.16
1497,48,2.0833333333333335
1498,131,3.1374045801526718
1499,399,2.200501253132832
1500,1136,3.813380281690141
1501,18,2.611111111111111
1502,13,3.076923076923077
1503,145,2.317241379310345
1504,16,3.5
1507,42,3.3333333333333335
1508,36,3.3055555555555554
1509,21,3.6666666666666665
1510,2,2.5
1511,24,3.5833333333333335
1513,755,3.0463576158940397
1514,7,2.7142857142857144
1515,181,2.5580110497237567
1516,52,3.6538461538461537
1517,1205,3.7103734439834026
1518,354,3.42090395480226
1519,6,3.3333333333333335
1520,15,2.466666666666667
1522,7,2.4285714285714284
1523,57,2.6315789473684212
1525,44,2.090909090909091
1526,88,2.465909090909091
1527,1377,3.6405228758169934
1528,2,2.0
1529,31,3.225806451612903
1531,11,3.6363636363636362
1532,6,2.6666666666666665
1533,24,3.875
1534,6,3.6666666666666665
1535,103,3.4854368932038833
1537,350,4.137142857142857
1538,6,1.6666666666666667
1539,11,2.8181818181818183
1541,240,3.1
1542,238,3.542016806722689
1543,7,3.2857142857142856
1544,1255,3.036653386454183
1545,73,4.068493150684931
1546,49,3.816326530612245
1547,37,3.324324324324324
1548,2,2.5
1549,19,2.6842105263157894
1550,71,2.704225352112676
1551,36,2.8333333333333335
1552,954,3.2662473794549265
1553,4,2.75
1554,138,3.4782608695652173
1555,2,3.0
1556,367,1.8719346049046321
1558,2,1.5
1561,4,3.25
1562,606,2.257425742574257
1563,40,3.6
1564,36,3.8333333333333335
1565,17,3.0
1566,469,3.279317697228145
1567,9,3.4444444444444446
1569,820,3.428048780487805
1570,23,3.3043478260869565
1571,45,3.9555555555555557
1572,26,3.730769230769231
1573,1421,3.4011259676284307
1574,15,2.8666666666666667
1575,14,3.142857142857143
1579,1,3.0
1580,2538,3.739952718676123
1581,59,2.847457627118644
1582,60,3.1666666666666665
1583,27,2.7777777777777777
1584,1382,3.768451519536903
1585,28,3.2142857142857144
1586,557,3.0520646319569122
1587,572,3.4213286713286712
1588,289,3.083044982698962
1589,492,3.3597560975609757
1590,498,2.5180722891566263
1591,475,2.6210526315789475
1592,112,2.4910714285714284
1593,162,2.8641975308641974
1594,307,3.778501628664495
1595,65,1.7384615384615385
1596,32,3.46875
1597,811,3.405672009864365
1598,111,2.7117117117117115
1599,67,1.6417910447761195
1600,84,2.869047619047619
1601,75,2.72
1602,43,2.116279069767442
1603,348,2.925287356321839
1604,65,2.753846153846154
1605,88,2.659090909090909
1606,109,2.3394495412844036
1608,1076,3.5882899628252787
1609,55,2.7454545454545456
1610,1652,4.052058111380146
1611,236,3.3516949152542375
1612,55,3.327272727272727
1613,30,2.9
1614,428,3.2803738317757007
1615,227,3.6211453744493394
1616,395,3.0936708860759494
1617,2288,4.219405594405594
1619,362,3.4281767955801103
1620,395,3.3367088607594937
1621,85,3.2823529411764705
1622,5,2.4
1623,128,2.2109375
1624,50,2.72
1625,882,3.9138321995464853
1626,81,2.5185185185185186
1627,250,3.076
1629,109,3.018348623853211
1630,1,2.0
1631,49,3.5918367346938775
1632,20,2.45
1633,266,3.661654135338346
1635,507,3.8007889546351086
1636,5,2.4
1639,966,3.7784679089026914
1640,84,2.5357142857142856
1641,1199,3.872393661384487
1642,74,3.054054054054054
1643,265,3.8754716981132074
1644,475,2.6315789473684212
1645,826,3.4358353510895885
1646,88,2.8181818181818183
1647,90,2.8777777777777778
1648,194,3.4742268041237114
1649,189,3.8518518518518516
1650,50,3.34
1651,17,2.8823529411764706
1652,4,3.25
1653,1077,3.711234911792015
1654,87,3.310344827586207
1655,77,2.4285714285714284
1656,14,3.2142857142857144
1657,20,3.5
1658,116,3.1724137931034484
1659,7,2.857142857142857
1660,179,3.569832402234637
1661,88,3.1931818181818183
1662,20,2.65
1663,740,3.8391891891891894
1664,5,4.2
1665,200,2.685
1666,20,2.6
1667,113,2.7787610619469025
1668,39,2.5384615384615383
1669,37,3.4594594594594597
1670,82,3.5
1671,22,3.1818181818181817
1672,321,3.5700934579439254
1673,1128,3.769503546099291
1674,1046,3.9961759082217974
1675,11,3.090909090909091
1676,1163,3.1332760103181427
1677,37,2.7567567567567566
1678,474,3.829113924050633
1679,24,1.9583333333333333
1680,464,3.790948275862069
1681,134,2.1791044776119404
1682,1005,3.861691542288557
1683,218,3.761467889908257
1684,58,3.7241379310344827
1685,6,3.5
1686,109,3.1559633027522938
1687,337,3.077151335311573
1688,304,3.5032894736842106
1689,252,3.1547619047619047
1690,779,2.958921694480103
1692,20,2.55
1693,351,3.717948717948718
1694,471,3.7261146496815285
1695,32,3.6875
1696,28,3.5714285714285716
1699,155,3.503225806451613
1701,284,3.415492957746479
1702,302,2.552980132450331
1703,62,2.935483870967742
1704,1548,4.176356589147287
1707,154,1.8766233766233766
1709,1,2.0
1711,628,3.2531847133757963
1713,231,3.0432900432900434
1714,1,2.0
1715,13,3.0
1717,455,2.975824175824176
1718,7,2.5714285714285716
1719,381,4.044619422572178
1720,7,1.2857142857142858
1721,1546,3.5834411384217333
1722,862,3.4419953596287702
1724,1,3.0
1725,23,3.739130434782609
1726,137,2.7737226277372264
1727,210,3.2285714285714286
1728,22,3.3181818181818183
1729,724,3.6892265193370166
1730,176,3.727272727272727
1731,64,1.875
1732,1097,3.7383773928896993
1733,82,3.1097560975609757
1734,201,3.825870646766169
1735,263,3.2015209125475286
1739,47,1.3617021276595744
1741,5,4.0
1743,11,3.909090909090909
1744,77,2.675324675324675
1746,55,2.7636363636363637
1747,907,3.4895259095920617
1748,874,3.822654462242563
1749,10,3.4
1750,63,2.1904761904761907
1752,206,2.6553398058252426
1753,198,3.202020202020202
1754,388,3.38659793814433
1755,30,3.533333333333333
1756,51,2.549019607843137
1758,100,3.65
1759,51,3.980392156862745
1760,190,1.8736842105263158
1762,227,2.73568281938326
1764,1,3.0
1767,26,3.0
1769,319,3.1379310344827585
1770,19,3.473684210526316
1771,47,2.6382978723404253
1772,230,2.4304347826086956
1773,2,2.5
1777,909,3.4895489548954894
1779,541,2.6635859519408505
1780,8,4.125
1782,8,2.5
1783,220,2.9272727272727272
1784,1424,3.9501404494382024
1785,180,3.388888888888889
1787,2,3.5
1788,91,3.956043956043956
1791,53,2.9622641509433962
1792,448,3.171875
1793,13,2.3846153846153846
1794,151,3.4304635761589406
1795,2,4.5
1796,5,2.4
1797,167,4.005988023952096
1798,42,2.5714285714285716
1799,213,3.4131455399061035
1801,391,3.0434782608695654
1804,119,3.033613445378151
1805,626,3.4456869009584663
1806,168,2.892857142857143
1807,17,3.411764705882353
1809,36,3.8055555555555554
1810,353,3.558073654390935
1811,13,3.6923076923076925
1812,44,3.477272727272727
1814,25,3.36
1815,1,2.0
1816,101,2.9603960396039604
1817,12,3.0
1820,1,2.0
1821,211,3.1943127962085307
1822,21,2.0476190476190474
1824,104,3.3653846153846154
1825,33,2.6666666666666665
1826,40,1.55
1827,102,4.0
1829,37,3.0
1830,1,5.0
1831,667,2.5847076461769114
1832,1,4.0
1833,264,3.003787878787879
1834,493,3.9391480730223125
1835,366,3.289617486338798
1836,135,3.311111111111111
1837,64,2.6875
1839,69,2.260869565217391
1840,160,3.38125
1841,95,2.9473684210526314
1842,2,4.0
1843,1,3.0
1844,29,3.8620689655172415
1845,301,3.750830564784053
1846,20,3.25
1848,177,3.0451977401129944
1849,7,2.5714285714285716
1850,13,2.8461538461538463
1851,2,4.0
1852,1,2.0
1853,17,2.0
1854,48,3.0208333333333335
1855,108,2.3981481481481484
1856,72,3.0555555555555554
1857,24,3.0833333333333335
1858,172,3.2674418604651163
1859,32,3.53125
1860,44,3.772727272727273
1861,3,3.3333333333333335
1862,198,2.0505050505050506
1863,142,2.2183098591549295
1864,11,2.727272727272727
1865,54,3.5555555555555554
1866,189,3.0899470899470898
1867,38,2.4210526315789473
1868,2,2.0
1869,51,2.3137254901960786
1870,72,3.513888888888889
1871,4,4.0
1872,10,3.2
1873,259,3.7606177606177607
1874,27,3.3703703703703702
1875,164,3.402439024390244
1876,895,3.166480446927374
1877,4,2.5
1878,11,2.0
1879,22,3.909090909090909
1880,26,3.423076923076923
1881,68,2.7794117647058822
1882,499,2.3246492985971945
1883,664,3.4352409638554215
1884,298,3.3456375838926173
1885,608,3.692434210526316
1886,4,2.75
1887,60,2.4833333333333334
1888,387,2.994832041343669
1889,49,3.877551020408163
1890,7,2.4285714285714284
1891,9,1.8888888888888888
1892,401,3.371571072319202
1893,21,3.761904761904762
1894,471,2.910828025477707
1895,306,3.238562091503268
1896,47,3.106382978723404
1897,133,3.5037593984962405
1898,14,3.642857142857143
1899,10,3.2
1900,61,4.163934426229508
1901,5,4.0
1902,30,3.1
1903,6,3.3333333333333335
1904,113,3.4867256637168142
1905,2,1.5
1906,32,3.21875
1907,490,3.742857142857143
1908,1,3.0
1909,996,3.4929718875502007
1910,41,3.7560975609756095
1911,527,2.9297912713472485
1912,908,3.797356828193833
1913,167,3.8263473053892216
1914,372,3.8091397849462365
1915,1,4.0
1916,354,3.505649717514124
1917,1110,3.191891891891892
1918,669,3.14050822122571
1919,116,3.1724137931034484
1920,364,2.8104395604395602
1921,613,3.7911908646003263
1922,52,3.423076923076923
1923,1371,3.9044493070751276
1924,249,2.6345381526104417
1925,45,3.888888888888889
1926,32,3.1875
1927,268,4.1940298507462686
1928,29,3.3793103448275863
1929,84,3.7857142857142856
1930,5,3.0
1931,225,4.0311111111111115
1932,36,3.2777777777777777
1933,21,3.380952380952381
1934,77,4.012987012987013
1935,107,4.02803738317757
1936,82,3.8780487804878048
1937,63,3.7301587301587302
1938,122,3.9098360655737703
1939,236,4.122881355932203
1940,91,3.89010989010989
1941,113,3.8053097345132745
1942,119,4.033613445378151
1943,61,3.278688524590164
1944,364,4.096153846153846
1945,519,4.269749518304431
1946,205,3.975609756097561
1947,761,4.057818659658344
1948,198,3.8585858585858586
1949,219,4.232876712328767
1950,348,4.129310344827586
1951,213,3.6948356807511735
1952,663,4.113122171945701
1953,861,4.098722415795587
1954,1129,3.9433126660761735
1955,452,3.7964601769911503
1956,507,3.990138067061144
1957,634,3.7965299684542586
1958,530,3.607547169811321
1959,626,3.6533546325878596
1960,636,3.9764150943396226
1961,1330,4.053383458646617
1962,652,3.8773006134969323
1963,252,4.051587301587301
1964,302,3.80794701986755
1965,751,3.6830892143808254
1966,198,3.6464646464646466
1967,554,3.637184115523466
1968,1539,3.8797920727745288
1969,274,2.321167883211679
1970,268,2.6417910447761193
1971,242,2.239669421487603
1972,200,1.995
1973,215,2.181395348837209
1974,317,3.0410094637223977
1975,171,2.426900584795322
1976,199,1.979899497487437
1977,169,2.1775147928994083
1978,114,2.0789473684210527
1979,112,2.1785714285714284
1980,91,2.1538461538461537
1981,99,1.8383838383838385
1982,506,3.7134387351778657
1983,195,2.753846153846154
1984,105,2.0952380952380953
1985,129,2.4108527131782944
1986,127,2.125984251968504
1987,91,2.32967032967033
1988,51,2.0980392156862746
1989,15,1.4666666666666666
1990,16,1.6875
1991,239,2.702928870292887
1992,133,2.112781954887218
1993,97,1.8969072164948453
1994,795,3.6842767295597483
1995,182,2.423076923076923
1996,112,1.8303571428571428
1997,885,3.9559322033898305
1998,113,1.7699115044247788
1999,127,2.748031496062992
2000,1627,3.8869084204056548
2001,1011,3.5450049455984174
2002,802,3.254364089775561
2003,776,3.268041237113402
2004,372,2.513440860215054
2005,716,3.4972067039106145
2006,983,3.5615462868769074
2007,65,2.6769230769230767
2008,15,2.533333333333333
2009,422,3.518957345971564
2010,388,4.082474226804123
2011,1158,3.3436960276338517
2012,1148,3.2421602787456445
2013,622,3.454983922829582
2014,180,3.1777777777777776
2015,380,3.4526315789473685
2016,109,2.6605504587155964
2017,162,2.9876543209876543
2018,589,3.738539898132428
2019,628,4.560509554140127
2020,773,3.9715394566623545
2021,789,3.356147021546261
2022,254,3.531496062992126
2023,774,3.3449612403100777
2024,148,3.3175675675675675
2025,221,3.3438914027149322
2026,161,2.68944099378882
2027,129,2.449612403100775
2028,2653,4.337353938937053
2029,76,3.6710526315789473
2031,37,3.027027027027027
2032,40,2.925
2033,200,3.165
2034,295,2.772881355932203
2035,57,3.1052631578947367
2036,96,2.21875
2037,54,3.537037037037037
2038,198,2.904040404040404
2039,1,1.0
2040,128,2.9453125
2041,145,2.668965517241379
2042,193,2.6321243523316062
2043,158,3.2721518987341773
2044,52,2.5384615384615383
2045,55,3.4545454545454546
2046,536,3.466417910447761
2047,22,3.1818181818181817
2048,131,3.49618320610687
2049,37,3.324324324324324
2050,104,2.5384615384615383
2051,101,2.5544554455445545
2052,183,2.8688524590163933
2053,381,2.257217847769029
2054,1045,2.9330143540669855
2055,42,2.8333333333333335
2056,18,3.5
2057,91,3.340659340659341
2058,799,3.6082603254067585
2059,268,3.283582089552239
2060,183,2.9945355191256833
2061,7,3.5714285714285716
2062,70,3.2
2063,8,2.5
2064,798,4.0739348370927315
2065,479,3.5991649269311066
2066,106,4.150943396226415
2067,564,4.065602836879433
2068,128,3.8828125
2069,140,3.7857142857142856
2070,264,3.9053030303030303
2071,171,3.9298245614035086
2072,303,2.910891089108911
2073,66,3.6666666666666665
2074,21,3.5238095238095237
2075,81,3.740740740740741
2076,654,3.7629969418960245
2077,154,3.4935064935064934
2078,664,3.816265060240964
2079,14,3.5714285714285716
2080,864,3.8043981481481484
2081,1035,3.756521739130435
2082,361,2.886426592797784
2083,262,3.6068702290076335
2084,93,3.129032258064516
2085,565,3.5964601769911506
2086,29,3.5517241379310347
2087,594,3.65993265993266
2088,471,2.59447983014862
2089,239,3.196652719665272
2090,249,3.4738955823293174
2091,186,2.849462365591398
2092,163,2.4355828220858897
2093,276,2.851449275362319
2094,736,3.108695652173913
2095,113,2.9734513274336285
2096,511,3.710371819960861
2097,213,3.488262910798122
2098,76,3.1447368421052633
2099,221,3.6018099547511313
2100,1163,3.4307824591573515
2101,15,3.533333333333333
2102,197,3.3857868020304567
2103,37,3.081081081081081
2104,53,3.339622641509434
2105,970,3.3556701030927836
2106,185,3.2972972972972974
2107,199,2.6884422110552766
2108,825,3.7066666666666666
2109,573,3.743455497382199
2110,367,3.2643051771117166
2111,312,3.2275641025641026
2112,346,3.4884393063583814
2113,79,2.151898734177215
2114,256,3.6875
2115,1127,3.676131322094055
2116,438,3.3333333333333335
2117,278,3.7194244604316546
2118,363,3.7024793388429753
2119,147,2.272108843537415
2120,242,2.9421487603305785
2121,245,2.730612244897959
2122,233,2.4463519313304722
2123,215,2.869767441860465
2124,714,3.169467787114846
2125,416,3.7139423076923075
2126,495,2.7454545454545456
2127,4,3.5
2128,25,3.32
2129,8,3.75
2130,304,3.8322368421052633
2131,30,3.7333333333333334
2132,297,4.074074074074074
2133,541,3.2754158964879854
2134,510,3.4235294117647057
2135,238,3.2016806722689077
2136,222,3.1486486486486487
2137,497,3.8229376257545273
2138,305,3.8426229508196723
2139,369,3.850948509485095
2140,710,3.652112676056338
2141,404,3.4282178217821784
2142,201,2.8308457711442787
2143,355,3.2704225352112677
2144,719,3.710709318497914
2145,693,3.3665223665223665
2146,352,3.1107954545454546
2147,231,2.54978354978355
2148,166,2.8855421686746987
2149,103,2.2524271844660193
2150,695,3.726618705035971
2151,128,3.171875
2152,69,2.1159420289855073
2153,288,1.9965277777777777
2154,140,2.7857142857142856
2155,267,3.3146067415730336
2156,9,3.7777777777777777
2157,20,3.25
2158,20,2.6
2159,219,3.4794520547945207
2160,712,3.818820224719101
2161,699,3.6051502145922747
2162,177,2.4124293785310735
2163,206,2.6067961165048543
2164,20,2.05
2165,109,3.376146788990826
2166,144,3.5208333333333335
2167,809,3.477132262051916
2168,79,3.0759493670886076
2169,130,2.6769230769230767
2170,123,2.5528455284552845
2171,196,3.688775510204082
2172,4,3.25
2173,110,3.5636363636363635
2174,1495,3.5678929765886287
2175,18,3.8333333333333335
2176,191,3.8952879581151834
2177,83,3.216867469879518
2178,95,3.663157894736842
2179,39,3.1538461538461537
2180,58,3.3275862068965516
2181,118,3.5677966101694913
2182,98,3.5816326530612246
2183,179,3.9329608938547485
2184,147,3.598639455782313
2185,17,3.588235294117647
2186,482,4.304979253112033
2187,26,3.576923076923077
2188,259,2.7644787644787643
2189,21,3.7142857142857144
2190,52,2.8461538461538463
2191,10,2.8
2192,7,3.2857142857142856
2193,802,3.4962593516209477
2194,1127,4.007985803016859
2195,135,3.0074074074074075
2196,27,2.4444444444444446
2197,11,4.181818181818182
2198,2,4.0
2200,8,2.5
2201,20,3.4
2202,213,3.943661971830986
2203,233,4.2703862660944205
2204,89,3.8202247191011236
2205,33,3.515151515151515
2206,167,4.0119760479041915
2207,8,2.875
2208,199,4.185929648241206
2209,10,3.3
2210,54,3.7037037037037037
2211,19,3.526315789473684
2212,128,3.8359375
2213,1,1.0
2214,1,3.0
2215,12,3.5
2217,1,1.0
2218,1,2.0
2219,10,3.4
2221,11,3.090909090909091
2223,3,3.3333333333333335
2226,1,3.0
2227,21,3.5238095238095237
2231,345,3.608695652173913
2232,233,3.467811158798283
2233,5,1.6
2234,8,1.875
2235,1,2.0
2236,202,3.608910891089109
2237,44,3.590909090909091
2238,77,3.831168831168831
2239,97,3.7422680412371134
2240,238,3.508403361344538
2241,129,2.7751937984496124
2242,6,2.5
2243,789,3.747782002534854
2244,7,1.8571428571428572
2245,514,3.414396887159533
2246,14,2.7142857142857144
2247,365,3.0931506849315067
2248,914,4.017505470459518
2249,239,3.192468619246862
2250,62,3.1451612903225805
2251,2,3.5
2252,186,3.0161290322580645
2253,440,2.5636363636363635
2254,1,2.0
2255,79,2.607594936708861
2256,24,2.375
2257,17,2.9411764705882355
2258,2,3.0
2259,201,2.716417910447761
2260,49,2.795918367346939
2261,161,3.329192546583851
2262,326,3.1564417177914113
2263,175,3.1028571428571428
2264,83,2.5903614457831323
2265,83,2.0
2266,195,2.871794871794872
2267,74,2.945945945945946
2268,1061,3.93119698397738
2269,217,2.737327188940092
2271,76,3.289473684210526
2272,112,3.455357142857143
2273,627,3.5661881977671452
2275,71,3.3661971830985915
2276,70,3.7142857142857144
2277,1,2.0
2278,806,3.5272952853598016
2279,226,2.7168141592920354
2280,125,3.432
2281,11,3.4545454545454546
2282,316,3.518987341772152
2283,61,2.918032786885246
2284,43,3.7906976744186047
2285,54,3.888888888888889
2286,43,2.511627906976744
2287,280,3.4392857142857145
2288,741,3.785425101214575
2289,978,3.96319018404908
2290,121,3.28099173553719
2291,1473,3.5926680244399187
2292,20,2.5
2293,25,3.24
2294,645,3.483720930232558
2295,74,3.810810810810811
2296,144,2.3819444444444446
2297,355,3.1070422535211266
2298,15,1.8666666666666667
2299,4,3.75
2300,658,4.144376899696049
2301,371,3.5902964959568733
2302,1086,3.7845303867403315
2303,325,3.92
2304,7,3.5714285714285716
2305,25,3.48
2306,90,2.488888888888889
2307,38,2.6315789473684212
2308,1,2.0
2309,2,4.5
2310,134,3.798507462686567
2311,470,3.4170212765957446
2312,331,3.8277945619335347
2313,457,4.013129102844639
2314,104,3.1346153846153846
2315,147,2.36734693877551
2316,236,2.983050847457627
2317,8,2.625
2318,320,3.903125
2320,187,3.106951871657754
2321,1158,3.6968911917098444
2322,290,2.9310344827586206
2323,35,3.942857142857143
2324,1152,4.329861111111111
2325,119,3.134453781512605
2326,12,3.0
2327,100,2.85
2328,173,2.8497109826589595
2329,640,4.2265625
2330,92,4.163043478260869
2331,179,3.223463687150838
2332,8,3.25
2333,578,3.8131487889273354
2334,386,3.1243523316062176
2335,420,2.926190476190476
2336,938,4.029850746268656
2337,126,3.2063492063492065
2338,295,2.2033898305084745
2339,27,2.925925925925926
2340,344,3.252906976744186
2341,44,3.272727272727273
2342,11,3.727272727272727
2343,2,2.0
2344,201,3.4228855721393034
2345,43,3.372093023255814
2346,300,3.3066666666666666
2347,95,3.736842105263158
2348,304,3.5526315789473686
2349,167,3.6107784431137726
2350,19,2.789473684210526
2351,111,4.207207207207207
2352,838,3.8747016706443915
2353,988,3.687246963562753
2354,141,2.780141843971631
2355,1703,3.854374633000587
2356,96,2.8958333333333335
2357,215,4.283720930232558
2358,4,4.0
2359,703,3.879089615931721
2360,117,4.3076923076923075
2361,158,3.240506329113924
2362,53,2.849056603773585
2363,301,3.318936877076412
2364,121,2.7768595041322315
2365,136,2.7720588235294117
2366,756,3.6560846560846563
2367,309,2.7572815533980584
2368,58,1.6896551724137931
2369,840,2.954761904761905
2370,142,3.5140845070422535
2371,599,3.5943238731218696
2372,238,2.966386554621849
2373,189,2.4814814814814814
2374,244,2.930327868852459
2375,418,2.8923444976076556
2376,325,3.267692307692308
2377,183,2.9453551912568305
2378,413,2.997578692493947
2379,225,2.3866666666666667
2380,196,2.0306122448979593
2381,174,1.9137931034482758
2382,150,1.7666666666666666
2383,149,1.657718120805369
2384,523,3.2906309751434035
2385,146,2.5753424657534247
2386,59,1.9661016949152543
2387,217,2.774193548387097
2388,15,3.466666666666667
2389,264,2.6515151515151514
2390,330,3.690909090909091
2391,745,3.751677852348993
2392,205,2.234146341463415
2393,807,3.34820322180917
2394,579,3.5716753022452505
2395,1220,3.8409836065573773
2396,2369,4.127479949345715
2397,23,3.3043478260869565
2398,380,3.960526315789474
2399,223,2.6681614349775784
2400,43,2.86046511627907
2401,312,3.769230769230769
2402,401,2.825436408977556
2403,397,3.5717884130982367
2404,301,2.3421926910299002
2405,673,3.163447251114413
2406,1345,3.6892193308550185
2407,1006,3.5377733598409544
2408,259,2.528957528957529
2409,445,3.1775280898876406
2410,401,2.8753117206982544
2411,375,2.6453333333333333
2412,274,2.102189781021898
2413,443,3.2483069977426635
2414,379,3.390501319261214
2415,15,2.8
2416,354,3.1497175141242937
2417,74,2.945945945945946
2418,110,3.0727272727272728
2419,69,3.2028985507246377
2420,493,3.417849898580122
2421,477,2.6771488469601676
2422,286,2.1223776223776225
2423,515,3.588349514563107
2424,838,3.380668257756563
2425,58,3.6206896551724137
2426,27,2.962962962962963
2427,803,3.398505603985056
2428,513,2.7777777777777777
2429,180,2.827777777777778
2430,144,3.111111111111111
2431,474,3.1371308016877637
2432,146,3.136986301369863
2433,612,3.3594771241830066
2434,60,3.6333333333333333
2435,99,3.080808080808081
2436,122,3.5901639344262297
2437,85,3.6470588235294117
2438,1,4.0
2439,198,3.611111111111111
2440,47,3.3617021276595747
2441,26,3.0384615384615383
2442,160,3.825
2443,126,3.5952380952380953
2444,5,4.0
2445,74,2.7972972972972974
2446,63,2.5396825396825395
2447,266,3.0601503759398496
2448,189,2.3492063492063493
2449,32,1.53125
2450,434,2.0990783410138247
2451,113,2.646017699115044
2452,19,1.6842105263157894
2453,176,3.25
2454,480,3.3583333333333334
2455,1071,3.4407096171802056
2456,284,2.313380281690141
2457,259,3.382239382239382
2458,130,2.476923076923077
2459,247,3.222672064777328
2460,116,2.353448275862069
2461,62,2.096774193548387
2462,54,1.8333333333333333
2463,475,3.4610526315789474
2464,8,2.625
2465,42,2.0238095238095237
2466,13,3.4615384615384617
2467,324,3.9012345679012346
2468,374,2.770053475935829
2469,506,3.2766798418972334
2470,912,3.4265350877192984
2471,414,2.6280193236714977
2472,93,2.978494623655914
2473,193,2.4093264248704664
2474,343,3.4606413994169096
2475,140,3.3
2476,300,3.3466666666666667
2477,42,2.2857142857142856
2478,569,3.117750439367311
2479,44,2.272727272727273
2480,2,4.5
2481,35,3.6
2482,30,3.3333333333333335
2483,25,2.92
2484,1,2.0
2485,410,3.051219512195122
2486,9,1.7777777777777777
2487,7,2.4285714285714284
2488,85,3.8588235294117648
2490,773,3.5058214747736094
2491,115,2.739130434782609
2492,139,2.856115107913669
2493,28,4.142857142857143
2494,27,4.0
2495,98,3.6020408163265305
2496,360,3.363888888888889
2497,170,2.835294117647059
2498,123,2.3333333333333335
2499,52,3.5384615384615383
2500,119,2.596638655462185
2501,588,4.137755102040816
2502,872,3.8211009174311927
2503,9,4.666666666666667
2504,181,2.883977900552486
2505,272,2.863970588235294
2506,163,3.3435582822085887
2507,54,2.9814814814814814
2509,18,2.7777777777777777
2510,3,3.6666666666666665
2511,82,3.8658536585365852
2512,19,3.9473684210526314
2513,305,2.960655737704918
2514,116,2.060344827586207
2515,52,1.7884615384615385
2516,45,1.8444444444444446
2517,273,3.062271062271062
2518,294,3.4727891156462585
2519,96,3.2291666666666665
2520,179,3.1452513966480447
2521,84,2.630952380952381
2522,79,2.3544303797468356
2523,42,2.3095238095238093
2524,266,3.018796992481203
2525,153,2.235294117647059
2526,131,2.366412213740458
2527,636,3.4213836477987423
2528,626,3.4696485623003195
2529,1162,3.712564543889845
2530,365,2.9452054794520546
2531,312,2.8333333333333335
2532,358,2.8435754189944134
2533,463,3.041036717062635
2534,17,2.5294117647058822
2535,119,2.8487394957983194
2536,37,1.8918918918918919
2537,34,1.9411764705882353
2538,5,3.6
2539,616,3.3944805194805197
2540,156,3.032051282051282
2541,559,3.221824686940966
2542,625,3.8976
2543,2,3.5
2544,18,2.7777777777777777
2545,12,2.8333333333333335
2546,169,2.940828402366864
2548,105,2.2285714285714286
2549,175,2.2285714285714286
2550,183,3.5027322404371586
2551,189,3.291005291005291
2552,37,2.2162162162162162
2553,219,3.356164383561644
2554,136,3.176470588235294
2555,164,1.701219512195122
2556,1,3.0
2557,5,3.4
2558,235,2.74468085106383
2559,27,2.5925925925925926
2560,171,3.111111111111111
2561,131,3.0381679389312977
2562,9,3.7777777777777777
2563,1,3.0
2565,372,3.954301075268817
2566,40,2.425
2567,302,3.2019867549668874
2568,214,2.107476635514019
2569,9,3.7777777777777777
2570,102,3.5980392156862746
2571,2590,4.315830115830116
2572,700,3.422857142857143
2573,48,3.4166666666666665
2574,199,2.6683417085427137
2575,141,4.0
2576,3,2.0
2577,28,3.2857142857142856
2578,4,3.5
2579,29,3.793103448275862
2580,723,3.854771784232365
2581,624,3.168269230769231
2582,66,3.106060606060606
2583,235,3.608510638297872
2584,1,3.0
2585,48,3.8541666666666665
2586,25,2.96
2587,102,2.9607843137254903
2589,64,2.734375
2590,48,3.0416666666666665
2591,2,2.0
2592,1,3.0
2593,35,3.7142857142857144
2594,62,3.9516129032258065
2596,139,3.618705035971223
2597,64,2.609375
2598,533,3.016885553470919
2599,1522,3.9303547963206307
2600,410,3.2560975609756095
2602,6,2.8333333333333335
2605,777,3.168597168597169
2606,207,2.7246376811594204
2607,68,4.088235294117647
2608,5,2.6
2609,67,4.223880597014926
2610,41,3.8780487804878048
2611,146,3.910958904109589
2612,136,4.088235294117647
2613,281,3.096085409252669
2614,44,1.9318181818181819
2615,189,3.0105820105820107
2616,624,2.6826923076923075
2617,1007,3.3217477656405165
2618,46,3.891304347826087
2619,1,3.0
2620,36,3.6944444444444446
2621,69,3.652173913043478
2622,415,3.3493975903614457
2623,4,2.75
2624,102,4.088235294117647
2625,66,3.0757575757575757
2626,35,3.5714285714285716
2627,14,3.4285714285714284
2628,2250,3.409777777777778
2629,144,2.75
2630,41,3.5121951219512195
2631,5,2.0
2632,11,3.272727272727273
2633,162,3.537037037037037
2634,93,3.247311827956989
2635,31,3.032258064516129
2636,13,2.4615384615384617
2637,33,2.6666666666666665
2638,36,2.8333333333333335
2639,163,3.2024539877300615
2640,1222,3.536824877250409
2641,846,3.1643026004728134
2642,511,2.336594911937378
2643,332,1.8885542168674698
2644,238,3.827731092436975
2645,102,3.343137254901961
2646,39,2.871794871794872
2647,52,3.1923076923076925
2648,406,3.9753694581280787
2649,65,3.3230769230769233
2650,33,2.757575757575758
2651,82,3.1463414634146343
2652,51,2.9215686274509802
2653,42,2.761904761904762
2654,134,3.7611940298507465
2655,47,1.7659574468085106
2656,62,2.774193548387097
2657,1233,3.291159772911598
2658,11,3.090909090909091
2659,46,3.1739130434782608
2660,135,3.8962962962962964
2661,94,3.3617021276595747
2662,565,3.8584070796460175
2663,53,3.0754716981132075
2664,628,3.912420382165605
2665,71,3.4225352112676055
2666,28,3.2142857142857144
2667,58,2.6206896551724137
2668,273,2.5347985347985347
2669,107,3.7383177570093458
2670,220,4.0
2671,780,3.6628205128205127
2672,391,3.1892583120204603
2673,7,3.857142857142857
2674,26,2.6923076923076925
2675,10,3.4
2676,266,3.1353383458646618
2677,230,4.056521739130435
2678,25,3.12
2679,5,2.6
2681,43,3.604651162790698
2682,88,4.056818181818182
2683,1434,3.388423988842399
2685,4,3.0
2686,583,3.9622641509433962
2687,442,3.665158371040724
2688,691,3.141823444283647
2689,41,3.3902439024390243
2690,390,3.7
2691,20,2.95
2692,1072,4.224813432835821
2693,224,3.857142857142857
2694,791,3.1352718078381794
2695,11,2.1818181818181817
2696,81,3.691358024691358
2697,48,3.7291666666666665
2699,1367,3.0029261155815656
2700,1269,3.760441292356186
2701,902,2.158536585365854
2702,395,3.070886075949367
2703,1,3.0
2704,41,3.073170731707317
2705,7,2.7142857142857144
2706,1389,3.7098632109431247
2707,634,3.504731861198738
2708,47,3.8297872340425534
2709,232,3.1767241379310347
2710,1237,3.0315278900565885
2711,32,3.5625
2712,945,3.201058201058201
2713,421,2.501187648456057
2714,87,3.2528735632183907
2715,22,2.227272727272727
2716,2181,3.9055479138010085
2717,565,2.9061946902654867
2718,383,3.1305483028720626
2719,476,2.3823529411764706
2720,373,2.1662198391420913
2721,85,3.764705882352941
2722,598,2.8729096989966556
2723,853,3.0105509964830013
2724,650,3.12
2725,95,3.7473684210526317
2726,130,4.1692307692307695
2727,32,3.46875
2728,426,4.018779342723005
2729,201,3.8656716417910446
2730,169,3.5502958579881656
2731,187,4.320855614973262
2732,148,3.97972972972973
2733,50,2.44
2734,466,3.3583690987124464
2735,459,2.89760348583878
2736,225,3.4355555555555557
2737,23,2.9130434782608696
2738,79,3.4556962025316458
2739,450,3.8555555555555556
2740,17,2.6470588235294117
2741,61,3.0163934426229506
2742,1,2.0
2743,24,3.375
2744,38,3.6842105263157894
2745,229,3.8951965065502185
2746,936,3.3322649572649574
2747,356,3.311797752808989
2748,137,2.051094890510949
2749,87,3.218390804597701
2750,285,3.6982456140350877
2751,54,2.814814814814815
2752,185,2.962162162162162
2753,57,3.491228070175439
2754,12,1.8333333333333333
2755,31,2.6774193548387095
2756,32,3.21875
2757,135,3.8222222222222224
2758,31,2.838709677419355
2759,430,3.3511627906976744
2760,7,3.4285714285714284
2761,674,4.0474777448071215
2762,2459,4.406262708418057
2763,1089,3.6418732782369148
2764,280,3.6
2765,7,2.7142857142857144
2766,33,3.515151515151515
2767,25,3.08
2768,13,3.230769230769231
2769,77,3.220779220779221
2770,935,3.2620320855614975
2771,171,2.888888888888889
2772,246,3.032520325203252
2773,14,2.9285714285714284
2774,68,3.514705882352941
2775,14,3.2857142857142856
2776,13,3.769230769230769
2777,5,2.0
2778,29,2.5517241379310347
2779,345,3.6202898550724636
2780,82,3.182926829268293
2781,63,3.1746031746031744
2782,107,3.5046728971962615
2783,10,2.6
2784,63,3.2063492063492065
2785,25,3.04
2786,72,2.4166666666666665
2787,162,2.9012345679012346
2788,451,4.137472283813747
2789,165,2.993939393939394
2790,61,2.6557377049180326
2791,1731,3.9711149624494513
2792,558,2.9802867383512543
2793,265,2.7547169811320753
2794,385,2.9220779220779223
2795,549,3.841530054644809
2796,240,2.95
2797,1491,3.8558014755197854
2798,160,1.925
2799,99,1.5555555555555556
2800,22,3.0454545454545454
2801,91,3.5164835164835164
2802,306,3.088235294117647
2803,346,3.2745664739884393
2804,1352,4.238905325443787
2805,448,2.8683035714285716
2806,199,2.6331658291457285
2807,91,1.7582417582417582
2808,375,2.512
2809,20,2.55
2810,41,3.926829268292683
2811,2,4.0
2812,46,3.239130434782609
2813,29,3.6551724137931036
2814,8,2.625
2815,271,2.5940959409594098
2816,148,1.864864864864865
2817,125,1.64
2818,58,1.603448275862069
2819,319,4.040752351097178
2820,53,3.5660377358490565
2821,3,2.6666666666666665
2822,263,3.049429657794677
2823,4,2.5
2824,14,3.9285714285714284
2825,4,2.75
2826,750,3.1586666666666665
2827,328,2.442073170731707
2828,121,2.1074380165289255
2829,157,2.9554140127388533
2830,11,3.5454545454545454
2831,8,3.25
2833,6,3.6666666666666665
2834,18,3.5555555555555554
2835,56,2.5357142857142856
2836,163,3.294478527607362
2837,21,3.380952380952381
2839,10,4.3
2840,419,2.899761336515513
2841,487,3.6262833675564683
2842,42,3.4523809523809526
2843,23,3.869565217391304
2844,83,3.180722891566265
2845,1,1.0
2846,166,3.3674698795180724
2847,33,3.909090909090909
2848,41,3.951219512195122
2849,30,2.8
2850,7,2.7142857142857144
2851,133,2.443609022556391
2852,164,3.7378048780487805
2853,28,2.892857142857143
2854,11,2.3636363636363638
2855,10,2.3
2856,90,2.7777777777777777
2857,399,3.6967418546365916
2858,3428,4.3173862310385065
2859,239,4.2343096234309625
2860,128,3.2578125
2861,354,3.152542372881356
2862,89,2.5842696629213484
2863,518,3.88996138996139
2864,28,2.8214285714285716
2865,20,3.05
2866,199,3.6884422110552766
2867,306,3.434640522875817
2868,63,2.3015873015873014
2869,3,2.6666666666666665
2870,193,3.5906735751295336
2871,729,3.9410150891632374
2872,742,3.81266846361186
2873,22,2.6818181818181817
2874,67,3.5223880597014925
2875,291,3.2577319587628866
2876,43,2.6511627906976742
2877,211,3.014218009478673
2878,34,2.264705882352941
2879,164,3.4634146341463414
2880,72,3.4583333333333335
2881,786,3.2010178117048347
2882,118,2.7966101694915255
2883,277,3.5487364620938626
2884,42,2.5714285714285716
2885,61,3.360655737704918
2886,33,2.242424242424242
2887,4,2.25
2888,119,2.7815126050420167
2889,287,3.4355400696864113
2890,1021,3.8070519098922624
2891,185,3.4918918918918918
2892,12,2.5
2893,42,2.880952380952381
2894,32,2.625
2895,2,3.0
2896,28,3.3214285714285716
2897,20,3.25
2898,102,2.7450980392156863
2899,117,3.547008547008547
2900,161,2.6832298136645965
2901,330,3.203030303030303
2902,164,2.4207317073170733
2903,98,2.0510204081632653
2904,17,3.764705882352941
2905,69,4.608695652173913
2906,250,2.328
2907,213,2.4460093896713615
2908,850,4.014117647058823
2909,1,4.0
2911,7,3.2857142857142856
2912,474,3.679324894514768
2913,17,3.2941176470588234
2914,11,2.1818181818181817
2915,852,3.6396713615023475
2916,1996,3.682364729458918
2917,504,4.031746031746032
2918,1473,4.11744738628649
2919,391,3.895140664961637
2920,100,4.19
2921,317,3.8832807570977916
2922,241,3.7468879668049793
2923,17,3.411764705882353
2924,133,3.9097744360902253
2925,57,4.228070175438597
2926,445,3.350561797752809
2927,99,4.08080808080808
2928,77,3.3376623376623376
2929,215,3.474418604651163
2930,5,4.4
2931,10,4.3
2932,118,3.957627118644068
2933,9,3.4444444444444446
2934,5,2.4
2935,145,4.1931034482758625
2936,161,4.093167701863354
2937,104,4.288461538461538
2938,31,3.7419354838709675
2939,52,3.5
2940,107,4.009345794392523
2941,280,3.6142857142857143
2942,362,3.0994475138121547
2943,160,3.78125
2944,707,4.0042432814710045
2945,28,2.6785714285714284
2946,291,3.7731958762886597
2947,897,3.971014492753623
2948,771,3.8897535667963683
2949,646,3.874613003095975
2950,346,2.332369942196532
2951,522,3.9942528735632186
2952,186,3.747311827956989
2953,341,2.3929618768328447
2955,4,2.0
2956,141,3.1347517730496453
2959,1451,4.077188146106134
2960,4,2.75
2961,280,2.817857142857143
2962,10,3.4
2963,17,3.7058823529411766
2964,12,3.3333333333333335
2965,72,2.0277777777777777
2966,429,4.055944055944056
2967,127,3.748031496062992
2968,1010,3.6940594059405942
2969,91,3.912087912087912
2970,98,3.9591836734693877
2971,317,3.823343848580442
2972,65,4.015384615384615
2973,460,4.05
2974,67,1.835820895522388
2975,111,3.036036036036036
2976,557,3.0718132854578095
2977,45,2.911111111111111
2978,103,2.8446601941747574
2979,37,2.189189189189189
2981,15,3.7333333333333334
2982,38,2.1052631578947367
2983,81,3.9876543209876543
2984,9,3.4444444444444446
2985,1229,3.451586655817738
2986,493,2.3813387423935093
2987,1799,3.6798221234018897
2988,108,3.638888888888889
2989,425,3.501176470588235
2990,385,3.2
2991,422,3.5924170616113744
2992,31,2.4838709677419355
2993,404,3.7054455445544554
2994,10,3.5
2995,341,2.30791788856305
2996,133,3.4285714285714284
2997,2241,4.125390450691656
2998,13,3.5384615384615383
2999,4,4.0
3000,345,4.147826086956521
3001,6,1.6666666666666667
3002,35,3.914285714285714
3003,8,3.25
3004,252,2.4801587301587302
3005,640,3.3765625
3006,884,4.0588235294117645
3007,295,4.013559322033898
3008,51,3.7254901960784315
3010,35,3.6
3011,149,3.610738255033557
3012,10,3.4
3013,65,2.8923076923076922
3014,49,2.9183673469387754
3015,144,3.375
3016,447,3.1588366890380315
3017,104,2.5288461538461537
3018,248,3.475806451612903
3019,416,3.920673076923077
3020,524,3.4522900763358777
3021,36,2.861111111111111
3022,206,4.368932038834951
3024,161,2.347826086956522
3025,14,3.2857142857142856
3026,8,1.5
3027,7,1.1428571428571428
3028,139,3.762589928057554
3029,190,3.2736842105263158
3030,215,4.404651162790698
3031,53,2.150943396226415
3032,224,3.5401785714285716
3033,899,3.2836484983314795
3034,343,3.7434402332361514
3035,421,4.149643705463183
3036,174,3.2298850574712645
3037,591,4.04399323181049
3038,74,4.202702702702703
3039,839,3.828367103694875
3040,315,3.311111111111111
3041,73,1.6986301369863013
3042,65,1.5538461538461539
3043,40,1.725
3044,583,3.855917667238422
3045,118,3.093220338983051
3046,85,3.4941176470588236
3047,18,3.5555555555555554
3048,71,2.352112676056338
3049,37,3.2432432432432434
3050,16,3.125
3051,161,2.950310559006211
3052,989,3.7128412537917086
3053,341,3.0175953079178885
3054,136,1.9779411764705883
3055,82,3.3902439024390243
3056,6,3.6666666666666665
3057,2,4.0
3058,12,2.1666666666666665
3060,558,3.8315412186379927
3061,275,3.88
3062,352,3.971590909090909
3063,139,2.7194244604316546
3064,60,2.5
3065,1,4.0
3066,194,3.7010309278350517
3067,353,3.8923512747875355
3068,379,3.865435356200528
3069,55,3.8181818181818183
3070,611,3.3878887070376433
3071,327,3.764525993883792
3072,982,3.7871690427698574
3073,33,3.242424242424242
3074,222,3.7882882882882885
3075,69,3.9855072463768115
3076,93,3.7096774193548385
3077,88,4.2272727272727275
3078,155,3.6516129032258067
3079,145,3.882758620689655
3081,1066,3.516885553470919
3082,862,3.379350348027842
3083,394,4.086294416243655
3084,2,3.5
3085,2,2.5
3086,81,3.580246913580247
3087,516,3.4786821705426356
3088,356,4.089887640449438
3089,252,4.357142857142857
3090,177,4.141242937853107
3091,141,4.283687943262412
3092,20,4.0
3093,208,3.6971153846153846
3094,101,3.8514851485148514
3095,521,4.134357005758157
3096,93,3.956989247311828
3097,206,4.038834951456311
3098,548,3.832116788321168
3099,273,3.238095238095238
3100,623,3.756019261637239
3101,802,3.669576059850374
3102,244,3.6434426229508197
3103,68,3.0588235294117645
3104,765,3.8562091503267975
3105,680,3.7808823529411764
3106,25,3.24
3107,869,3.440736478711162
3108,945,3.6264550264550266
3109,64,3.21875
3110,33,3.393939393939394
3111,213,3.699530516431925
3112,70,3.3714285714285714
3113,564,2.629432624113475
3114,1585,4.218927444794953
3115,110,3.1636363636363636
3116,11,2.727272727272727
3117,73,3.3013698630136985
3118,66,3.5303030303030303
3119,3,1.6666666666666667
3120,130,3.0153846153846153
3121,18,3.5555555555555554
3122,29,3.3793103448275863
3123,3,1.0
3124,34,3.323529411764706
3125,200,3.515
3126,3,4.0
3127,56,3.232142857142857
3128,51,3.450980392156863
3129,288,3.701388888888889
3130,118,2.3728813559322033
3131,2,3.5
3132,38,3.6315789473684212
3133,42,3.7142857142857144
3134,165,4.33939393939394
3135,195,3.948717948717949
3136,3,3.0
3137,16,3.8125
3138,66,3.196969696969697
3139,17,3.176470588235294
3140,9,3.4444444444444446
3141,62,3.0483870967741935
3142,130,3.3846153846153846
3143,33,3.696969696969697
3144,49,3.2653061224489797
3145,259,3.359073359073359
3146,308,2.762987012987013
3147,1222,4.154664484451718
3148,711,3.952180028129395
3149,9,2.4444444444444446
3150,60,3.683333333333333
3151,1,2.0
3152,354,3.9717514124293785
3153,258,3.616279069767442
3154,8,3.5
3155,333,3.4144144144144146
3156,383,2.906005221932115
3157,520,3.15
3158,44,3.6363636363636362
3159,453,3.8057395143487858
3160,1113,3.8939802336028753
3161,19,3.473684210526316
3162,21,2.4761904761904763
3163,304,3.7039473684210527
3164,1,4.0
3165,61,2.622950819672131
3166,6,1.1666666666666667
3167,166,3.6325301204819276
3168,485,3.7711340206185566
3169,253,3.513833992094862
3171,25,3.92
3172,1,5.0
3173,483,3.1262939958592133
3174,874,3.48512585812357
3175,1728,3.771412037037037
3176,1331,3.503380916604057
3177,168,2.6011904761904763
3178,509,3.848722986247544
3179,225,3.4133333333333336
3180,70,2.2
3181,163,3.7116564417177913
3182,124,3.9596774193548385
3183,45,3.6222222222222222
3184,5,3.0
3185,398,3.4120603015075375
3186,431,3.4779582366589326
3187,3,3.0
3188,54,3.7037037037037037
3189,300,3.6433333333333335
3190,161,2.1490683229813663
3192,24,4.083333333333333
3194,220,3.3045454545454547
3196,394,4.228426395939087
3197,251,3.302788844621514
3198,325,4.073846153846154
3199,72,3.3472222222222223
3200,172,3.8488372093023258
3201,359,3.9526462395543174
3202,1,1.0
3203,497,3.6780684104627768
3204,204,3.661764705882353
3205,4,2.25
3206,133,3.2481203007518795
3207,5,3.2
3208,264,2.7613636363636362
3209,1,1.0
3210,886,3.8374717832957113
3211,66,3.515151515151515
3212,2,2.5
3213,232,3.560344827586207
3214,97,3.329896907216495
3215,11,3.1818181818181817
3216,3,3.3333333333333335
3217,91,3.3516483516483517
3218,32,3.1875
3219,447,3.2550335570469797
3220,1,2.0
3221,29,3.413793103448276
3222,30,4.166666666666667
3223,29,3.413793103448276
3224,77,4.0519480519480515
3225,122,2.6885245901639343
3228,2,1.0
3229,1,4.0
3230,78,3.6666666666666665
3232,5,4.0
3233,2,5.0
3235,71,3.0
3236,2,3.5
3237,1,1.0
3238,267,2.134831460674157
3239,37,2.3783783783783785
3240,33,3.272727272727273
3241,57,3.6666666666666665
3242,3,3.6666666666666665
3243,293,2.5017064846416384
3244,322,3.6956521739130435
3245,5,4.8
3246,475,3.903157894736842
3247,666,3.1681681681681684
3248,202,2.5396039603960396
3249,340,3.135294117647059
3250,366,3.401639344262295
3251,276,3.380434782608696
3252,555,3.7135135135135133
3253,1120,3.600892857142857
3254,433,2.884526558891455
3255,1099,3.6797088262056414
3256,1052,3.75
3257,626,2.8594249201277955
3258,339,2.752212389380531
3259,403,3.369727047146402
3260,480,3.7291666666666665
3261,429,3.4825174825174825
3262,163,2.9693251533742333
3263,667,3.188905547226387
3264,512,3.091796875
3265,327,4.137614678899083
3266,154,3.655844155844156
3267,483,3.6873706004140785
3268,179,1.782122905027933
3269,477,3.20335429769392
3270,200,3.285
3271,328,3.847560975609756
3272,171,3.2046783625730995
3273,577,2.733102253032929
3274,438,3.1073059360730593
3275,92,3.619565217391304
3276,46,2.652173913043478
3277,1,4.0
3280,1,5.0
3281,49,4.040816326530612
3282,10,3.7
3283,15,3.466666666666667
3284,45,3.7333333333333334
3285,423,2.702127659574468
3286,122,2.2131147540983607
3287,129,2.7286821705426356
3288,4,3.0
3289,52,3.769230769230769
3290,1,3.0
3291,1,2.0
3292,6,3.8333333333333335
3293,5,3.4
3294,2,2.5
3295,2,3.5
3296,203,3.793103448275862
3297,1,2.0
3298,590,3.4593220338983053
3299,176,2.2954545454545454
3300,542,3.300738007380074
3301,602,3.3787375415282392
3302,53,3.339622641509434
3303,6,3.5
3304,56,3.5714285714285716
3305,2,4.0
3306,24,3.9583333333333335
3307,271,4.387453874538745
3308,294,3.197278911564626
3309,24,3.6666666666666665
3310,62,3.7903225806451615
3311,33,3.787878787878788
3312,1,1.0
3313,20,2.25
3314,4,3.25
3315,1,2.0
3316,289,2.7681660899653977
3317,496,3.9495967741935485
3318,48,3.4791666666666665
3319,28,3.107142857142857
3320,45,3.511111111111111
3321,1,2.0
3322,4,2.75
3323,1,3.0
3324,190,2.763157894736842
3325,160,2.33125
3326,180,2.8555555555555556
3327,134,3.529850746268657
3328,314,3.843949044585987
3329,27,3.814814814814815
3330,108,3.759259259259259
3331,35,2.3142857142857145
3333,16,3.5
3334,461,4.082429501084599
3335,12,2.6666666666666665
3336,2,3.0
3337,2,3.5
3338,27,4.444444444444445
3339,43,3.744186046511628
3340,71,2.8028169014084505
3341,177,4.03954802259887
3342,223,3.8565022421524664
3343,40,2.375
3344,20,2.6
3345,23,3.130434782608696
3346,5,2.8
3347,212,3.981132075471698
3349,25,3.4
3350,143,3.972027972027972
3351,15,3.2666666666666666
3352,3,2.6666666666666665
3353,2,4.0
3354,793,2.5952080706179066
3355,298,2.8758389261744965
3357,103,3.766990291262136
3358,446,3.681614349775785
3359,520,4.0807692307692305
3360,590,3.91864406779661
3361,1095,3.837442922374429
3362,765,3.969934640522876
3363,990,4.026262626262627
3364,151,3.9271523178807946
3365,245,4.085714285714285
3366,265,3.811320754716981
3367,43,3.372093023255814
3368,63,3.6507936507936507
3370,86,3.4302325581395348
3371,48,3.7083333333333335
3372,56,3.5535714285714284
3373,3,2.6666666666666665
3374,15,2.6
3375,65,3.3384615384615386
3376,1,1.0
3377,2,3.5
3378,4,3.25
3379,95,3.9473684210526314
3380,3,3.0
3381,2,3.5
3382,1,5.0
3384,276,3.800724637681159
3385,141,2.5531914893617023
3386,756,3.755291005291005
3387,173,2.722543352601156
3388,298,2.7181208053691277
3389,38,2.710526315789474
3390,33,1.6666666666666667
3391,96,2.28125
3392,157,1.9363057324840764
3393,51,2.1372549019607843
3394,210,2.6714285714285713
3395,55,2.8363636363636364
3396,744,3.8561827956989245
3397,358,3.7374301675977653
3398,341,3.504398826979472
3399,87,3.1264367816091956
3400,29,2.5172413793103448
3401,113,2.106194690265487
3402,23,3.347826086956522
3403,32,2.78125
3404,219,3.452054794520548
3405,144,3.875
3406,105,3.7523809523809524
3407,3,1.6666666666666667
3408,1315,3.863878326996198
3409,459,3.272331154684096
3410,9,4.333333333333333
3412,175,3.3714285714285714
3413,2,3.5
3414,50,3.26
3415,23,3.8260869565217392
3416,51,3.9411764705882355
3417,73,3.589041095890411
3418,1417,3.6803105151729003
3419,13,3.1538461538461537
3420,199,3.71356783919598
3421,1207,4.053024026512014
3422,210,3.4
3423,74,2.918918918918919
3424,781,3.880921895006402
3425,79,3.2911392405063293
3426,215,3.1953488372093024
3427,74,3.3378378378378377
3428,59,2.9491525423728815
3429,274,4.335766423357664
3430,220,3.340909090909091
3431,85,2.6705882352941175
3432,72,2.263888888888889
3433,48,2.1458333333333335
3434,38,2.263157894736842
3435,551,4.415607985480944
3436,128,2.7890625
3437,12,2.0
3438,534,2.6779026217228465
3439,251,2.1274900398406373
3440,188,1.9202127659574468
3441,475,3.2757894736842106
3442,39,2.3076923076923075
3443,5,3.8
3444,222,3.225225225225225
3445,139,3.194244604316547
3446,39,3.41025641025641
3447,72,3.7222222222222223
3448,1082,3.733826247689464
3449,34,2.9705882352941178
3450,809,3.415327564894932
3451,350,3.92
3452,331,3.1419939577039275
3453,89,2.4831460674157304
3454,43,2.697674418604651
3456,65,3.9384615384615387
3457,141,2.99290780141844
3458,1,3.0
3459,62,2.774193548387097
3460,1,1.0
3461,353,3.6657223796033995
3462,305,4.2360655737704915
3463,10,1.8
3464,20,2.45
3465,18,2.7777777777777777
3466,219,3.547945205479452
3467,279,4.021505376344086
3468,450,4.24
3469,268,4.279850746268656
3470,92,4.326086956521739
3471,1451,4.0144727773949
3472,4,1.75
3473,24,3.4166666666666665
3474,16,3.1875
3475,134,3.962686567164179
3476,667,3.578710644677661
3477,271,3.044280442804428
3478,266,3.330827067669173
3479,542,3.6734317343173433
3480,155,3.6258064516129034
3481,1373,3.928623452294246
3482,3,3.0
3483,168,3.011904761904762
3484,302,2.728476821192053
3485,2,1.5
3486,10,3.1
3487,68,3.7205882352941178
3488,22,2.0
3489,722,3.018005540166205
3490,17,2.6470588235294117
3491,66,2.9393939393939394
3492,14,3.5714285714285716
3493,2,1.0
3494,320,3.7375
3495,12,3.75
3496,59,3.2203389830508473
3497,96,3.0520833333333335
3498,295,4.0067796610169495
3499,884,3.82579185520362
3500,177,2.711864406779661
3501,269,3.546468401486989
3502,88,3.5113636363636362
3503,143,3.4545454545454546
3504,688,4.020348837209302
3505,355,3.8732394366197185
3506,167,3.3652694610778444
3507,389,4.033419023136247
3508,365,4.043835616438356
3509,92,2.847826086956522
3510,821,3.7588306942752743
3511,66,2.590909090909091
3512,454,3.6806167400881056
3513,420,3.3476190476190477
3514,62,3.161290322580645
3515,192,3.1875
3516,227,3.7665198237885464
3517,2,4.5
3518,54,2.8703703703703702
3519,199,3.3467336683417086
3520,32,2.5625
3521,188,3.877659574468085
3522,3,4.0
3523,8,3.125
3524,534,3.4269662921348316
3525,360,3.138888888888889
3526,811,3.7694204685573367
3527,1297,3.653816499614495
3528,321,3.155763239875389
3529,155,3.470967741935484
3530,1,4.0
3531,27,3.037037037037037
3532,21,3.761904761904762
3533,7,3.2857142857142856
3534,505,3.0653465346534654
3535,630,3.219047619047619
3536,489,3.7484662576687118
3537,34,3.323529411764706
3538,176,3.664772727272727
3539,39,3.8461538461538463
3540,28,2.75
3542,2,3.0
3543,839,3.9225268176400476
3544,97,2.917525773195876
3545,443,3.9029345372460496
3546,223,3.7219730941704037
3547,77,3.792207792207792
3548,274,3.835766423357664
3549,260,3.792307692307692
3550,160,3.43125
3551,400,3.93
3552,967,3.8469493278179936
3553,82,2.768292682926829
3554,119,3.453781512605042
3555,908,3.539647577092511
3556,328,3.6310975609756095
3557,116,2.896551724137931
3559,30,3.6666666666666665
3562,26,3.0384615384615383
3563,13,1.9230769230769231
3564,128,1.8046875
3565,277,3.267148014440433
3566,304,3.3717105263157894
3567,35,3.4
3568,26,3.269230769230769
3569,37,3.3513513513513513
3570,10,3.9
3571,127,3.377952755905512
3572,77,1.7272727272727273
3573,26,1.4615384615384615
3574,17,1.0588235294117647
3575,3,3.3333333333333335
3576,284,3.683098591549296
3577,60,2.65
3578,1924,4.106029106029106
3579,68,2.485294117647059
3580,29,3.0689655172413794
3581,14,2.7857142857142856
3584,129,2.7674418604651163
3585,19,3.8421052631578947
3586,28,3.392857142857143
3587,30,3.0
3588,48,3.3333333333333335
3590,85,2.8588235294117648
3591,628,3.4076433121019107
3592,8,2.5
3593,342,1.6111111111111112
3594,182,3.302197802197802
3595,4,3.0
3596,60,2.533333333333333
3597,37,2.72972972972973
3598,179,3.458100558659218
3599,103,3.6310679611650487
3600,121,2.8264462809917354
3601,2,4.0
3602,49,2.979591836734694
3603,3,3.3333333333333335
3604,122,3.69672131147541
3605,51,3.0980392156862746
3606,169,3.940828402366864
3607,1,5.0
3608,861,3.40534262485482
3609,4,4.0
3610,34,2.5294117647058822
3611,15,3.066666666666667
3612,30,3.6333333333333333
3613,94,3.75531914893617
3614,542,3.2195571955719555
3615,345,3.217391304347826
3616,138,2.4565217391304346
3617,419,3.2673031026252985
3618,369,3.3712737127371275
3619,92,3.260869565217391
3620,50,3.0
3621,3,1.6666666666666667
3622,84,3.8333333333333335
3623,1313,3.1957349581111956
3624,791,3.6548672566371683
3625,16,3.8125
3626,49,2.4693877551020407
3627,107,3.4766355140186915
3628,101,3.4158415841584158
3629,275,4.189090909090909
3631,3,2.6666666666666665
3632,40,3.6
3633,353,3.461756373937677
3634,165,4.254545454545455
3635,487,3.6057494866529773
3636,9,2.7777777777777777
3637,20,3.95
3638,652,3.191717791411043
3639,461,3.629067245119306
3640,12,3.4166666666666665
3641,8,2.75
3642,13,3.076923076923077
3643,101,3.4356435643564356
3644,17,3.3529411764705883
3645,18,3.611111111111111
3646,180,2.4444444444444446
3647,1,4.0
3648,9,2.6666666666666665
3649,295,3.169491525423729
3651,2,1.0
3652,5,3.0
3653,149,3.791946308724832
3654,502,3.9641434262948207
3655,50,3.78
3656,1,5.0
3657,6,3.6666666666666665
3658,69,3.652173913043478
3659,38,3.210526315789474
3660,157,2.859872611464968
3661,82,2.207317073170732
3662,92,2.097826086956522
3663,58,1.8620689655172413
3664,54,1.6851851851851851
3665,26,1.7307692307692308
3666,6,1.6666666666666667
3667,35,1.9142857142857144
3668,356,3.9157303370786516
3669,71,2.380281690140845
3670,21,3.6666666666666665
3671,1119,4.047363717605005
3672,156,2.967948717948718
3673,31,2.3225806451612905
3674,47,2.595744680851064
3675,271,3.8265682656826567
3676,199,3.4673366834170856
3677,45,3.888888888888889
3678,90,3.7555555555555555
3679,62,4.274193548387097
3680,47,3.9361702127659575
3681,325,3.916923076923077
3682,210,3.6904761904761907
3683,628,4.218152866242038
3684,358,3.374301675977654
3685,545,3.5926605504587155
3686,413,3.2542372881355934
3687,2,2.0
3688,339,2.734513274336283
3689,141,2.0425531914893615
3690,122,2.040983606557377
3691,42,2.5714285714285716
3692,58,2.293103448275862
3693,182,2.697802197802198
3694,62,1.8548387096774193
3695,53,1.8113207547169812
3696,65,2.5538461538461537
3697,643,2.8678071539657854
3698,730,3.1986301369863015
3699,865,3.461271676300578
3700,246,3.5853658536585367
3701,504,3.2242063492063493
3702,1066,3.6641651031894935
3703,1034,3.6740812379110253
3704,722,3.1662049861495847
3705,380,2.5842105263157893
3706,448,3.404017857142857
3707,237,3.0843881856540083
3708,267,2.9812734082397006
3709,113,2.3893805309734515
3710,185,2.254054054054054
3711,33,3.212121212121212
3712,365,3.23013698630137
3713,85,3.7411764705882353
3714,66,3.1363636363636362
3715,88,2.4545454545454546
3716,67,2.373134328358209
3717,584,2.9743150684931505
3718,61,3.3114754098360657
3719,45,3.022222222222222
3720,87,3.6666666666666665
3721,24,2.5833333333333335
3722,1,2.0
3723,269,3.7286245353159853
3724,195,3.717948717948718
3725,112,3.0714285714285716
3726,98,3.5714285714285716
3727,148,3.7094594594594597
3728,148,3.9594594594594597
3729,222,3.4144144144144146
3730,453,4.249448123620309
3731,43,3.395348837209302
3732,71,2.9859154929577465
3733,289,3.837370242214533
3734,57,3.491228070175439
3735,495,3.981818181818182
3736,39,3.7948717948717947
3737,50,4.0
3738,77,3.4545454545454546
3739,40,3.975
3740,584,3.414383561643836
3741,241,4.078838174273859
3742,234,3.97008547008547
3743,77,2.5974025974025974
3744,421,3.2422802850356294
3745,535,3.3813084112149534
3746,69,3.8550724637681157
3747,148,3.75
3748,2,3.0
3749,22,3.1363636363636362
3751,1329,3.8796087283671934
3752,560,3.0
3753,1240,3.7451612903225806
3754,206,2.495145631067961
3755,1013,3.351431391905232
3756,24,3.5
3757,17,2.823529411764706
3758,120,2.7583333333333333
3759,35,3.257142857142857
3760,305,3.481967213114754
3761,28,2.9642857142857144
3762,3,1.3333333333333333
3763,701,3.570613409415121
3764,245,2.6408163265306124
3765,46,2.847826086956522
3766,191,2.5392670157068062
3767,104,2.0865384615384617
3768,81,2.1604938271604937
3769,190,3.3842105263157896
3770,338,3.470414201183432
3771,151,3.3973509933774833
3772,3,1.6666666666666667
3773,171,2.818713450292398
3774,64,1.96875
3775,20,3.25
3776,24,3.3333333333333335
3777,11,2.1818181818181817
3778,6,2.8333333333333335
3779,1,3.0
3780,41,3.097560975609756
3781,29,2.586206896551724
3782,44,2.727272727272727
3783,235,4.029787234042553
3784,165,3.2363636363636363
3785,613,3.0114192495921697
3786,184,3.25
3787,63,3.857142857142857
3788,246,3.8089430894308944
3789,156,4.198717948717949
3790,51,3.372549019607843
3791,435,3.066666666666667
3792,72,3.5555555555555554
3793,1511,3.8206485771012573
3794,121,3.28099173553719
3795,66,3.409090909090909
3796,13,3.3846153846153846
3797,29,2.206896551724138
3798,463,3.3347732181425487
3799,100,1.62
3800,3,2.3333333333333335
3801,199,4.231155778894473
3802,304,2.4177631578947367
3803,9,3.5555555555555554
3804,43,2.5348837209302326
3805,34,2.7941176470588234
3806,58,3.2586206896551726
3807,106,3.2735849056603774
3808,44,4.0227272727272725
3809,817,3.397796817625459
3810,83,3.1325301204819276
3811,360,4.102777777777778
3812,285,3.557894736842105
3813,83,3.289156626506024
3814,219,4.0228310502283104
3816,38,3.763157894736842
3817,16,3.1875
3818,7,2.4285714285714284
3819,245,4.024489795918368
3820,37,1.8108108108108107
3821,248,2.6411290322580645
3822,70,3.757142857142857
3823,66,3.590909090909091
3824,117,2.128205128205128
3825,201,2.7611940298507465
3826,405,2.5382716049382714
3827,478,3.3828451882845187
3828,2,2.5
3830,25,2.88
3831,186,3.7204301075268815
3832,21,3.2857142857142856
3833,56,2.5357142857142856
3834,176,2.8238636363636362
3835,178,2.707865168539326
3836,375,3.9093333333333335
3837,89,2.8876404494382024
3838,42,2.619047619047619
3839,47,2.6382978723404253
3840,112,2.544642857142857
3841,306,2.7549019607843137
3842,1,3.0
3843,30,2.6333333333333333
3844,408,3.593137254901961
3845,28,3.392857142857143
3846,138,3.1449275362318843
3847,25,2.96
3848,20,3.1
3849,43,4.046511627906977
3850,13,2.923076923076923
3851,40,3.95
3852,208,3.6971153846153846
3853,13,3.5384615384615383
3854,20,3.65
3855,39,3.6666666666666665
3857,60,2.6666666666666665
3858,69,3.1594202898550723
3859,82,3.8780487804878048
3860,16,3.1875
3861,241,3.103734439834025
3862,20,3.1
3863,658,3.2613981762917934
3864,143,2.6923076923076925
3865,147,3.2312925170068025
3866,6,3.1666666666666665
3867,12,3.3333333333333335
3868,692,3.680635838150289
3869,431,3.0881670533642693
3870,49,3.857142857142857
3871,305,3.839344262295082
3872,102,3.8333333333333335
3873,280,3.6678571428571427
3874,24,3.0
3875,5,2.8
3876,4,2.0
3877,182,2.021978021978022
3878,12,2.8333333333333335
3879,144,2.7847222222222223
3880,18,3.5
3881,1,5.0
3882,234,3.2735042735042734
3883,15,2.7333333333333334
3884,40,2.375
3885,26,3.1153846153846154
3886,40,3.0
3887,4,3.0
3888,2,4.5
3889,135,2.414814814814815
3890,1,3.0
3891,7,1.7142857142857142
3892,10,2.7
3893,559,3.5026833631484795
3894,21,3.1904761904761907
3895,94,2.3404255319148937
3896,179,3.3184357541899443
3897,994,4.22635814889336
3898,45,2.7333333333333334
3899,3,1.6666666666666667
3900,33,2.787878787878788
3901,106,2.650943396226415
3902,24,3.125
3903,52,3.5
3904,1,1.0
3905,8,3.875
3906,32,3.15625
3908,92,2.1847826086956523
3909,69,2.681159420289855
3910,200,3.82
3911,657,4.073059360730594
3912,40,2.3
3913,32,2.90625
3914,70,3.3285714285714287
3915,127,3.5118110236220472
3916,437,3.9244851258581237
3917,279,3.111111111111111
3918,167,2.802395209580838
3919,87,2.2298850574712645
3920,66,3.712121212121212
3921,47,2.6382978723404253
3922,39,2.58974358974359
3923,104,2.576923076923077
3924,26,2.923076923076923
3925,124,3.8548387096774195
3926,180,3.361111111111111
3927,348,3.5804597701149423
3928,206,3.441747572815534
3929,147,3.993197278911565
3930,223,3.2556053811659194
3931,27,2.037037037037037
3932,232,3.75
3933,16,2.25
3934,28,3.0357142857142856
3935,23,3.0
3936,112,3.7232142857142856
3937,135,2.9407407407407407
3938,27,1.9259259259259258
3939,26,1.9615384615384615
3940,15,1.7333333333333334
3941,22,2.0454545454545454
3942,28,1.7857142857142858
3943,96,3.0520833333333335
3944,9,2.111111111111111
3945,43,1.4883720930232558
3946,100,2.26
3947,55,3.4727272727272727
3948,862,3.6357308584686776
3949,304,4.115131578947368
3950,54,3.6666666666666665
3951,40,3.9
3952,388,3.7809278350515463
